cbo,isco08,nivel,nota_isco,R,I,A,S,E,C,pessoas_coisas,dados_ideias,tipo
010105,0110,sem,,,,,,,,,,
010110,0110,sem,,,,,,,,,,
010115,0110,sem,,,,,,,,,,
010205,0110,sem,,,,,,,,,,
010210,0110,sem,,,,,,,,,,
010215,0110,sem,,,,,,,,,,
010305,0310,manual,isco4,5.477,3.157,1.263,2.123,3.187,4.57,9.983,5.772,R
010310,0310,manual,isco4,5.477,3.157,1.263,2.123,3.187,4.57,9.983,5.772,R
010315,0310,manual,isco4,5.477,3.157,1.263,2.123,3.187,4.57,9.983,5.772,R
020105,1349,manual,isco4,3.488,3.796,1.874,3.321,4.77,4.927,2.412,6.968,C
020110,1349,manual,isco4,3.488,3.796,1.874,3.321,4.77,4.927,2.412,6.968,C
020115,1349,manual,isco4,3.488,3.796,1.874,3.321,4.77,4.927,2.412,6.968,C
020205,3355,manual,isco4,4.375,4.028,1.335,2.692,3.725,4.982,7.315,5.785,C
020305,3355,manual,isco4,4.375,4.028,1.335,2.692,3.725,4.982,7.315,5.785,C
020310,3355,manual,isco4,4.375,4.028,1.335,2.692,3.725,4.982,7.315,5.785,C
021105,5412,manual,isco4,4.64,2.98,1.163,2.943,3.787,4.913,6.337,7.883,C
021110,5412,manual,isco4,4.64,2.98,1.163,2.943,3.787,4.913,6.337,7.883,C
021205,5412,manual,isco4,4.64,2.98,1.163,2.943,3.787,4.913,6.337,7.883,C
021210,5412,manual,isco4,4.64,2.98,1.163,2.943,3.787,4.913,6.337,7.883,C
030105,1349,manual,isco4,3.488,3.796,1.874,3.321,4.77,4.927,2.412,6.968,C
030110,1349,manual,isco4,3.488,3.796,1.874,3.321,4.77,4.927,2.412,6.968,C
030115,1349,manual,isco4,3.488,3.796,1.874,3.321,4.77,4.927,2.412,6.968,C
030205,5411,manual,isco4,6.49,2.92,1.31,3.39,3.01,3.47,8.27,3.893,R
030305,5411,manual,isco4,6.49,2.92,1.31,3.39,3.01,3.47,8.27,3.893,R
031105,5411,manual,isco4,6.49,2.92,1.31,3.39,3.01,3.47,8.27,3.893,R
031110,5411,manual,isco4,6.49,2.92,1.31,3.39,3.01,3.47,8.27,3.893,R
031205,5411,manual,isco4,6.49,2.92,1.31,3.39,3.01,3.47,8.27,3.893,R
031210,5411,manual,isco4,6.49,2.92,1.31,3.39,3.01,3.47,8.27,3.893,R
111105,1111,direto,isco4,1.54,3.35,2.7,3.69,5.52,3.62,-5.55,5.346,E
111110,1111,direto,isco4,1.54,3.35,2.7,3.69,5.52,3.62,-5.55,5.346,E
111115,1111,direto,isco4,1.54,3.35,2.7,3.69,5.52,3.62,-5.55,5.346,E
111120,1111,direto,isco4,1.54,3.35,2.7,3.69,5.52,3.62,-5.55,5.346,E
111205,1111,manual,isco4,1.54,3.35,2.7,3.69,5.52,3.62,-5.55,5.346,E
111210,1111,manual,isco4,1.54,3.35,2.7,3.69,5.52,3.62,-5.55,5.346,E
111215,1111,manual,isco4,1.54,3.35,2.7,3.69,5.52,3.62,-5.55,5.346,E
111220,1111,manual,isco4,1.54,3.35,2.7,3.69,5.52,3.62,-5.55,5.346,E
111225,1111,manual,isco4,1.54,3.35,2.7,3.69,5.52,3.62,-5.55,5.346,E
111230,1111,manual,isco4,1.54,3.35,2.7,3.69,5.52,3.62,-5.55,5.346,E
111235,1111,manual,isco4,1.54,3.35,2.7,3.69,5.52,3.62,-5.55,5.346,E
111240,1111,manual,isco4,1.54,3.35,2.7,3.69,5.52,3.62,-5.55,5.346,E
111245,1111,manual,isco4,1.54,3.35,2.7,3.69,5.52,3.62,-5.55,5.346,E
111250,1111,manual,isco4,1.54,3.35,2.7,3.69,5.52,3.62,-5.55,5.346,E
111255,1111,manual,isco4,1.54,3.35,2.7,3.69,5.52,3.62,-5.55,5.346,E
111305,1111,familia,isco4,1.54,3.35,2.7,3.69,5.52,3.62,-5.55,5.346,E
111310,1111,familia,isco4,1.54,3.35,2.7,3.69,5.52,3.62,-5.55,5.346,E
111315,1111,familia,isco4,1.54,3.35,2.7,3.69,5.52,3.62,-5.55,5.346,E
111320,1111,familia,isco4,1.54,3.35,2.7,3.69,5.52,3.62,-5.55,5.346,E
111325,1111,familia,isco4,1.54,3.35,2.7,3.69,5.52,3.62,-5.55,5.346,E
111330,1111,direto,isco4,1.54,3.35,2.7,3.69,5.52,3.62,-5.55,5.346,E
111335,1111,familia,isco4,1.54,3.35,2.7,3.69,5.52,3.62,-5.55,5.346,E
111340,1111,familia,isco4,1.54,3.35,2.7,3.69,5.52,3.62,-5.55,5.346,E
111345,1111,direto,isco4,1.54,3.35,2.7,3.69,5.52,3.62,-5.55,5.346,E
111405,1112,manual,isco4,3.116,2.902,1.456,3.686,6.412,4.95,-1.156,12.117,E
111410,1112,manual,isco4,3.116,2.902,1.456,3.686,6.412,4.95,-1.156,12.117,E
111415,1112,manual,isco4,3.116,2.902,1.456,3.686,6.412,4.95,-1.156,12.117,E
111505,2422,manual,isco4,2.187,4.657,2.422,3.885,4.446,4.486,-1.122,3.207,I
111510,2422,manual,isco4,2.187,4.657,2.422,3.885,4.446,4.486,-1.122,3.207,I
113005,1113,manual,isco3,2.086,3.172,2.185,3.691,5.848,4.166,-3.904,8.056,E
113010,1113,manual,isco3,2.086,3.172,2.185,3.691,5.848,4.166,-3.904,8.056,E
113015,1113,manual,isco3,2.086,3.172,2.185,3.691,5.848,4.166,-3.904,8.056,E
114105,1114,manual,isco4,1.31,3.1,1.71,3.72,5.65,4.61,-4.47,9.429,E
114205,1114,manual,isco4,1.31,3.1,1.71,3.72,5.65,4.61,-4.47,9.429,E
114210,1114,manual,isco4,1.31,3.1,1.71,3.72,5.65,4.61,-4.47,9.429,E
114305,1114,manual,isco4,1.31,3.1,1.71,3.72,5.65,4.61,-4.47,9.429,E
114405,1114,manual,isco4,1.31,3.1,1.71,3.72,5.65,4.61,-4.47,9.429,E
121005,1120,manual,isco4,1.636,2.778,1.812,3.476,6.976,5.118,-4.572,12.982,E
121010,1120,manual,isco4,1.636,2.778,1.812,3.476,6.976,5.118,-4.572,12.982,E
122105,1311,manual,isco4,5.99,4.357,1.208,2.678,3.513,4.34,10.602,3.957,R
122110,1311,manual,isco4,5.99,4.357,1.208,2.678,3.513,4.34,10.602,3.957,R
122115,1311,manual,isco4,5.99,4.357,1.208,2.678,3.513,4.34,10.602,3.957,R
122120,1311,manual,isco4,5.99,4.357,1.208,2.678,3.513,4.34,10.602,3.957,R
122205,1321,manual,isco4,3.827,3.124,1.281,2.179,5.737,5.211,4.615,11.32,E
122305,1323,manual,isco4,4.117,3.64,2.013,2.55,5.953,4.677,3.483,8.61,E
122405,1420,manual,isco4,2.542,1.158,1.016,3.695,7.0,5.561,-3.604,17.969,E
122505,1411,manual,isco4,2.69,1.1,1.43,4.31,6.21,5.22,-4.56,15.397,E
122510,1411,manual,isco4,2.69,1.1,1.43,4.31,6.21,5.22,-4.56,15.397,E
122515,1411,manual,isco4,2.69,1.1,1.43,4.31,6.21,5.22,-4.56,15.397,E
122520,1411,manual,isco4,2.69,1.1,1.43,4.31,6.21,5.22,-4.56,15.397,E
122605,1219,manual,isco4,3.491,3.392,1.425,2.661,5.705,5.277,3.201,10.665,E
122610,1219,manual,isco4,3.491,3.392,1.425,2.661,5.705,5.277,3.201,10.665,E
122615,1219,manual,isco4,3.491,3.392,1.425,2.661,5.705,5.277,3.201,10.665,E
122620,1219,manual,isco4,3.491,3.392,1.425,2.661,5.705,5.277,3.201,10.665,E
122705,1211,manual,isco4,1.18,2.52,1.431,2.806,6.42,6.07,-2.514,14.772,E
122710,1211,manual,isco4,1.18,2.52,1.431,2.806,6.42,6.07,-2.514,14.772,E
122715,1211,manual,isco4,1.18,2.52,1.431,2.806,6.42,6.07,-2.514,14.772,E
122720,1211,manual,isco4,1.18,2.52,1.431,2.806,6.42,6.07,-2.514,14.772,E
122725,1211,manual,isco4,1.18,2.52,1.431,2.806,6.42,6.07,-2.514,14.772,E
122730,1211,manual,isco4,1.18,2.52,1.431,2.806,6.42,6.07,-2.514,14.772,E
122735,1211,manual,isco4,1.18,2.52,1.431,2.806,6.42,6.07,-2.514,14.772,E
122740,1211,manual,isco4,1.18,2.52,1.431,2.806,6.42,6.07,-2.514,14.772,E
122745,1211,manual,isco4,1.18,2.52,1.431,2.806,6.42,6.07,-2.514,14.772,E
122750,1211,manual,isco4,1.18,2.52,1.431,2.806,6.42,6.07,-2.514,14.772,E
122755,1211,manual,isco4,1.18,2.52,1.431,2.806,6.42,6.07,-2.514,14.772,E
123105,1211,manual,isco4,1.18,2.52,1.431,2.806,6.42,6.07,-2.514,14.772,E
123110,1211,manual,isco4,1.18,2.52,1.431,2.806,6.42,6.07,-2.514,14.772,E
123115,1211,manual,isco4,1.18,2.52,1.431,2.806,6.42,6.07,-2.514,14.772,E
123205,1212,manual,isco4,1.162,2.688,1.48,3.87,6.084,5.546,-4.746,12.909,E
123210,1212,manual,isco4,1.162,2.688,1.48,3.87,6.084,5.546,-4.746,12.909,E
123305,1221,manual,isco4,1.455,2.022,1.951,3.225,6.906,5.252,-5.122,14.159,E
123310,1221,manual,isco4,1.455,2.022,1.951,3.225,6.906,5.252,-5.122,14.159,E
123405,1324,manual,isco4,3.51,2.582,1.023,2.408,5.993,5.697,3.468,13.986,E
123410,1324,manual,isco4,3.51,2.582,1.023,2.408,5.993,5.697,3.468,13.986,E
123605,1330,manual,isco4,2.226,4.164,1.534,2.737,4.659,5.91,2.859,8.425,C
123705,1223,manual,isco4,2.889,4.603,2.0,2.626,5.61,4.554,2.073,6.161,E
123805,1321,manual,isco4,3.827,3.124,1.281,2.179,5.737,5.211,4.615,11.32,E
131105,1349,manual,isco4,3.488,3.796,1.874,3.321,4.77,4.927,2.412,6.968,C
131110,1344,manual,isco4,1.0,2.17,2.43,5.43,6.97,4.21,-11.88,11.383,E
131115,1349,manual,isco4,3.488,3.796,1.874,3.321,4.77,4.927,2.412,6.968,C
131120,1344,manual,isco4,1.0,2.17,2.43,5.43,6.97,4.21,-11.88,11.383,E
131205,1342,manual,isco4,2.18,5.218,1.472,3.893,3.383,5.603,2.54,3.97,C
131210,1342,manual,isco4,2.18,5.218,1.472,3.893,3.383,5.603,2.54,3.97,C
131215,1342,manual,isco4,2.18,5.218,1.472,3.893,3.383,5.603,2.54,3.97,C
131220,1342,manual,isco4,2.18,5.218,1.472,3.893,3.383,5.603,2.54,3.97,C
131225,1342,manual,isco4,2.18,5.218,1.472,3.893,3.383,5.603,2.54,3.97,C
131305,1345,manual,isco4,1.184,3.312,2.821,5.797,5.256,4.741,-9.251,6.684,S
131310,1345,manual,isco4,1.184,3.312,2.821,5.797,5.256,4.741,-9.251,6.684,S
131315,1345,manual,isco4,1.184,3.312,2.821,5.797,5.256,4.741,-9.251,6.684,S
131320,1345,manual,isco4,1.184,3.312,2.821,5.797,5.256,4.741,-9.251,6.684,S
141105,1311,manual,isco4,5.99,4.357,1.208,2.678,3.513,4.34,10.602,3.957,R
141110,1311,manual,isco4,5.99,4.357,1.208,2.678,3.513,4.34,10.602,3.957,R
141115,1311,manual,isco4,5.99,4.357,1.208,2.678,3.513,4.34,10.602,3.957,R
141120,1311,manual,isco4,5.99,4.357,1.208,2.678,3.513,4.34,10.602,3.957,R
141205,1321,manual,isco4,3.827,3.124,1.281,2.179,5.737,5.211,4.615,11.32,E
141305,1323,manual,isco4,4.117,3.64,2.013,2.55,5.953,4.677,3.483,8.61,E
141405,1420,direto,isco4,2.542,1.158,1.016,3.695,7.0,5.561,-3.604,17.969,E
141410,1420,direto,isco4,2.542,1.158,1.016,3.695,7.0,5.561,-3.604,17.969,E
141415,1420,direto,isco4,2.542,1.158,1.016,3.695,7.0,5.561,-3.604,17.969,E
141420,1420,familia,isco4,2.542,1.158,1.016,3.695,7.0,5.561,-3.604,17.969,E
141505,1410,direto,isco3,3.535,1.385,1.435,3.88,6.188,5.055,-1.873,14.571,E
141510,1410,direto,isco3,3.535,1.385,1.435,3.88,6.188,5.055,-1.873,14.571,E
141515,1410,direto,isco3,3.535,1.385,1.435,3.88,6.188,5.055,-1.873,14.571,E
141520,1410,direto,isco3,3.535,1.385,1.435,3.88,6.188,5.055,-1.873,14.571,E
141525,1410,familia,isco3,3.535,1.385,1.435,3.88,6.188,5.055,-1.873,14.571,E
141605,1324,direto,isco4,3.51,2.582,1.023,2.408,5.993,5.697,3.468,13.986,E
141610,1324,direto,isco4,3.51,2.582,1.023,2.408,5.993,5.697,3.468,13.986,E
141615,1324,familia,isco4,3.51,2.582,1.023,2.408,5.993,5.697,3.468,13.986,E
141705,1210,direto,isco3,2.394,3.09,1.485,2.976,5.972,5.474,-0.055,11.888,E
141710,1210,direto,isco3,2.394,3.09,1.485,2.976,5.972,5.474,-0.055,11.888,E
141715,1210,direto,isco3,2.394,3.09,1.485,2.976,5.972,5.474,-0.055,11.888,E
141720,1210,familia,isco3,2.394,3.09,1.485,2.976,5.972,5.474,-0.055,11.888,E
141725,1210,familia,isco3,2.394,3.09,1.485,2.976,5.972,5.474,-0.055,11.888,E
141730,1210,familia,isco3,2.394,3.09,1.485,2.976,5.972,5.474,-0.055,11.888,E
141735,1210,familia,isco3,2.394,3.09,1.485,2.976,5.972,5.474,-0.055,11.888,E
141805,1324,manual,isco4,3.51,2.582,1.023,2.408,5.993,5.697,3.468,13.986,E
141810,1324,manual,isco4,3.51,2.582,1.023,2.408,5.993,5.697,3.468,13.986,E
141815,1324,manual,isco4,3.51,2.582,1.023,2.408,5.993,5.697,3.468,13.986,E
141820,1324,manual,isco4,3.51,2.582,1.023,2.408,5.993,5.697,3.468,13.986,E
141825,1324,manual,isco4,3.51,2.582,1.023,2.408,5.993,5.697,3.468,13.986,E
141830,1324,manual,isco4,3.51,2.582,1.023,2.408,5.993,5.697,3.468,13.986,E
142105,1219,manual,isco4,3.491,3.392,1.425,2.661,5.705,5.277,3.201,10.665,E
142110,1211,manual,isco4,1.18,2.52,1.431,2.806,6.42,6.07,-2.514,14.772,E
142115,1211,manual,isco4,1.18,2.52,1.431,2.806,6.42,6.07,-2.514,14.772,E
142120,2411,manual,isco4,1.511,3.103,1.111,2.125,4.194,6.728,3.298,11.606,C
142125,2421,manual,isco4,1.752,5.14,1.758,2.04,4.288,5.966,4.484,5.806,C
142130,2413,manual,isco4,1.442,5.343,1.629,2.223,4.595,5.66,3.216,5.681,C
142135,2619,manual,isco4,1.953,3.618,1.492,3.092,5.365,5.392,-0.123,9.769,C
142140,1219,manual,isco4,3.491,3.392,1.425,2.661,5.705,5.277,3.201,10.665,E
142205,1212,familia,isco4,1.162,2.688,1.48,3.87,6.084,5.546,-4.746,12.909,E
142210,1212,direto,isco4,1.162,2.688,1.48,3.87,6.084,5.546,-4.746,12.909,E
142305,1221,manual,isco4,1.455,2.022,1.951,3.225,6.906,5.252,-5.122,14.159,E
142310,1222,manual,isco4,1.0,2.362,4.114,3.876,6.528,4.022,-10.01,7.048,E
142315,1221,manual,isco4,1.455,2.022,1.951,3.225,6.906,5.252,-5.122,14.159,E
142320,1221,manual,isco4,1.455,2.022,1.951,3.225,6.906,5.252,-5.122,14.159,E
142325,2400,direto,isco2,1.855,3.734,2.118,3.148,5.125,5.055,-1.041,7.487,E
142330,2400,direto,isco2,1.855,3.734,2.118,3.148,5.125,5.055,-1.041,7.487,E
142335,2400,direto,isco2,1.855,3.734,2.118,3.148,5.125,5.055,-1.041,7.487,E
142340,2400,familia,isco2,1.855,3.734,2.118,3.148,5.125,5.055,-1.041,7.487,E
142345,2400,familia,isco2,1.855,3.734,2.118,3.148,5.125,5.055,-1.041,7.487,E
142350,2400,familia,isco2,1.855,3.734,2.118,3.148,5.125,5.055,-1.041,7.487,E
142355,2400,familia,isco2,1.855,3.734,2.118,3.148,5.125,5.055,-1.041,7.487,E
142360,2400,familia,isco2,1.855,3.734,2.118,3.148,5.125,5.055,-1.041,7.487,E
142365,2400,familia,isco2,1.855,3.734,2.118,3.148,5.125,5.055,-1.041,7.487,E
142405,1221,direto,isco4,1.455,2.022,1.951,3.225,6.906,5.252,-5.122,14.159,E
142410,1221,familia,isco4,1.455,2.022,1.951,3.225,6.906,5.252,-5.122,14.159,E
142415,1221,familia,isco4,1.455,2.022,1.951,3.225,6.906,5.252,-5.122,14.159,E
142505,1330,manual,isco4,2.226,4.164,1.534,2.737,4.659,5.91,2.859,8.425,C
142510,1330,manual,isco4,2.226,4.164,1.534,2.737,4.659,5.91,2.859,8.425,C
142515,1330,manual,isco4,2.226,4.164,1.534,2.737,4.659,5.91,2.859,8.425,C
142520,1330,manual,isco4,2.226,4.164,1.534,2.737,4.659,5.91,2.859,8.425,C
142525,1330,manual,isco4,2.226,4.164,1.534,2.737,4.659,5.91,2.859,8.425,C
142530,1330,manual,isco4,2.226,4.164,1.534,2.737,4.659,5.91,2.859,8.425,C
142535,1330,manual,isco4,2.226,4.164,1.534,2.737,4.659,5.91,2.859,8.425,C
142605,1330,direto,isco4,2.226,4.164,1.534,2.737,4.659,5.91,2.859,8.425,C
142610,1330,familia,isco4,2.226,4.164,1.534,2.737,4.659,5.91,2.859,8.425,C
142705,1321,manual,isco4,3.827,3.124,1.281,2.179,5.737,5.211,4.615,11.32,E
142710,1321,manual,isco4,3.827,3.124,1.281,2.179,5.737,5.211,4.615,11.32,E
201105,2131,manual,isco4,4.599,6.607,2.102,2.762,2.067,4.301,10.412,-4.051,I
201110,2131,manual,isco4,4.599,6.607,2.102,2.762,2.067,4.301,10.412,-4.051,I
201115,2131,manual,isco4,4.599,6.607,2.102,2.762,2.067,4.301,10.412,-4.051,I
201205,2149,manual,isco4,5.072,5.221,1.908,1.771,2.738,4.752,11.928,0.625,I
201210,2149,manual,isco4,5.072,5.221,1.908,1.771,2.738,4.752,11.928,0.625,I
201215,2149,manual,isco4,5.072,5.221,1.908,1.771,2.738,4.752,11.928,0.625,I
201220,2149,manual,isco4,5.072,5.221,1.908,1.771,2.738,4.752,11.928,0.625,I
201225,2149,manual,isco4,5.072,5.221,1.908,1.771,2.738,4.752,11.928,0.625,I
202105,2149,manual,isco4,5.072,5.221,1.908,1.771,2.738,4.752,11.928,0.625,I
202110,2149,manual,isco4,5.072,5.221,1.908,1.771,2.738,4.752,11.928,0.625,I
202115,2149,manual,isco4,5.072,5.221,1.908,1.771,2.738,4.752,11.928,0.625,I
202120,2149,manual,isco4,5.072,5.221,1.908,1.771,2.738,4.752,11.928,0.625,I
203005,2130,direto,isco3,4.878,6.086,2.007,2.664,2.637,4.247,10.117,-2.089,I
203010,2130,direto,isco3,4.878,6.086,2.007,2.664,2.637,4.247,10.117,-2.089,I
203015,2130,direto,isco3,4.878,6.086,2.007,2.664,2.637,4.247,10.117,-2.089,I
203020,2130,direto,isco3,4.878,6.086,2.007,2.664,2.637,4.247,10.117,-2.089,I
203025,2130,direto,isco3,4.878,6.086,2.007,2.664,2.637,4.247,10.117,-2.089,I
203105,2111,manual,isco4,4.713,6.745,3.147,3.4,1.965,4.13,8.387,-6.57,I
203110,2111,manual,isco4,4.713,6.745,3.147,3.4,1.965,4.13,8.387,-6.57,I
203115,2111,manual,isco4,4.713,6.745,3.147,3.4,1.965,4.13,8.387,-6.57,I
203120,2111,manual,isco4,4.713,6.745,3.147,3.4,1.965,4.13,8.387,-6.57,I
203125,2111,manual,isco4,4.713,6.745,3.147,3.4,1.965,4.13,8.387,-6.57,I
203205,2149,manual,isco4,5.072,5.221,1.908,1.771,2.738,4.752,11.928,0.625,I
203210,2149,manual,isco4,5.072,5.221,1.908,1.771,2.738,4.752,11.928,0.625,I
203215,2149,manual,isco4,5.072,5.221,1.908,1.771,2.738,4.752,11.928,0.625,I
203220,2149,manual,isco4,5.072,5.221,1.908,1.771,2.738,4.752,11.928,0.625,I
203225,2149,manual,isco4,5.072,5.221,1.908,1.771,2.738,4.752,11.928,0.625,I
203230,2149,manual,isco4,5.072,5.221,1.908,1.771,2.738,4.752,11.928,0.625,I
203305,2131,manual,isco4,4.599,6.607,2.102,2.762,2.067,4.301,10.412,-4.051,I
203310,2131,manual,isco4,4.599,6.607,2.102,2.762,2.067,4.301,10.412,-4.051,I
203315,2131,manual,isco4,4.599,6.607,2.102,2.762,2.067,4.301,10.412,-4.051,I
203320,2131,manual,isco4,4.599,6.607,2.102,2.762,2.067,4.301,10.412,-4.051,I
203405,2132,manual,isco4,6.156,5.171,1.452,1.993,2.623,4.181,13.601,0.313,R
203410,2132,manual,isco4,6.156,5.171,1.452,1.993,2.623,4.181,13.601,0.313,R
203415,2132,manual,isco4,6.156,5.171,1.452,1.993,2.623,4.181,13.601,0.313,R
203420,2132,manual,isco4,6.156,5.171,1.452,1.993,2.623,4.181,13.601,0.313,R
203505,2633,familia,isco4,2.08,5.696,3.813,5.006,2.859,3.83,-2.997,-4.879,I
203510,2633,familia,isco4,2.08,5.696,3.813,5.006,2.859,3.83,-2.997,-4.879,I
203515,2633,familia,isco4,2.08,5.696,3.813,5.006,2.859,3.83,-2.997,-4.879,I
203520,2633,direto,isco4,2.08,5.696,3.813,5.006,2.859,3.83,-2.997,-4.879,I
203525,2633,familia,isco4,2.08,5.696,3.813,5.006,2.859,3.83,-2.997,-4.879,I
204105,3355,direto,isco4,4.375,4.028,1.335,2.692,3.725,4.982,7.315,5.785,C
204110,3355,familia,isco4,4.375,4.028,1.335,2.692,3.725,4.982,7.315,5.785,C
211105,2120,direto,isco4,2.657,6.218,2.254,2.409,2.162,5.359,7.657,-1.646,I
211110,2120,direto,isco4,2.657,6.218,2.254,2.409,2.162,5.359,7.657,-1.646,I
211115,2120,direto,isco4,2.657,6.218,2.254,2.409,2.162,5.359,7.657,-1.646,I
211120,2120,familia,isco4,2.657,6.218,2.254,2.409,2.162,5.359,7.657,-1.646,I
211205,2120,direto,isco4,2.657,6.218,2.254,2.409,2.162,5.359,7.657,-1.646,I
211210,2120,direto,isco4,2.657,6.218,2.254,2.409,2.162,5.359,7.657,-1.646,I
211215,2120,familia,isco4,2.657,6.218,2.254,2.409,2.162,5.359,7.657,-1.646,I
211220,2120,familia,isco4,2.657,6.218,2.254,2.409,2.162,5.359,7.657,-1.646,I
212205,2512,manual,isco4,3.456,5.83,2.398,2.117,2.135,5.499,9.475,-1.029,I
212210,2152,manual,isco4,5.847,5.461,1.827,1.596,1.709,4.885,15.311,-1.198,R
212215,2512,manual,isco4,3.456,5.83,2.398,2.117,2.135,5.499,9.475,-1.029,I
212305,2500,direto,isco2,3.324,5.382,1.947,2.071,2.761,5.639,8.819,1.851,C
212310,2500,familia,isco2,3.324,5.382,1.947,2.071,2.761,5.639,8.819,1.851,C
212315,2500,familia,isco2,3.324,5.382,1.947,2.071,2.761,5.639,8.819,1.851,C
212320,2500,familia,isco2,3.324,5.382,1.947,2.071,2.761,5.639,8.819,1.851,C
212405,2500,direto,isco2,3.324,5.382,1.947,2.071,2.761,5.639,8.819,1.851,C
212410,2500,direto,isco2,3.324,5.382,1.947,2.071,2.761,5.639,8.819,1.851,C
212415,2500,familia,isco2,3.324,5.382,1.947,2.071,2.761,5.639,8.819,1.851,C
212420,2500,direto,isco2,3.324,5.382,1.947,2.071,2.761,5.639,8.819,1.851,C
212425,2500,familia,isco2,3.324,5.382,1.947,2.071,2.761,5.639,8.819,1.851,C
212430,2500,familia,isco2,3.324,5.382,1.947,2.071,2.761,5.639,8.819,1.851,C
213105,2111,direto,isco4,4.713,6.745,3.147,3.4,1.965,4.13,8.387,-6.57,I
213110,2111,direto,isco4,4.713,6.745,3.147,3.4,1.965,4.13,8.387,-6.57,I
213115,2111,familia,isco4,4.713,6.745,3.147,3.4,1.965,4.13,8.387,-6.57,I
213120,2111,familia,isco4,4.713,6.745,3.147,3.4,1.965,4.13,8.387,-6.57,I
213125,2111,familia,isco4,4.713,6.745,3.147,3.4,1.965,4.13,8.387,-6.57,I
213130,2111,familia,isco4,4.713,6.745,3.147,3.4,1.965,4.13,8.387,-6.57,I
213135,2111,familia,isco4,4.713,6.745,3.147,3.4,1.965,4.13,8.387,-6.57,I
213140,2111,familia,isco4,4.713,6.745,3.147,3.4,1.965,4.13,8.387,-6.57,I
213145,2111,familia,isco4,4.713,6.745,3.147,3.4,1.965,4.13,8.387,-6.57,I
213150,2111,direto,isco4,4.713,6.745,3.147,3.4,1.965,4.13,8.387,-6.57,I
213155,2111,direto,isco4,4.713,6.745,3.147,3.4,1.965,4.13,8.387,-6.57,I
213160,2111,direto,isco4,4.713,6.745,3.147,3.4,1.965,4.13,8.387,-6.57,I
213165,2111,familia,isco4,4.713,6.745,3.147,3.4,1.965,4.13,8.387,-6.57,I
213170,2111,familia,isco4,4.713,6.745,3.147,3.4,1.965,4.13,8.387,-6.57,I
213175,2111,direto,isco4,4.713,6.745,3.147,3.4,1.965,4.13,8.387,-6.57,I
213205,2113,direto,isco4,5.667,6.43,1.693,1.269,1.776,4.649,16.407,-2.939,I
213210,2113,direto,isco4,5.667,6.43,1.693,1.269,1.776,4.649,16.407,-2.939,I
213215,2113,familia,isco4,5.667,6.43,1.693,1.269,1.776,4.649,16.407,-2.939,I
213305,2111,direto,isco4,4.713,6.745,3.147,3.4,1.965,4.13,8.387,-6.57,I
213310,2111,familia,isco4,4.713,6.745,3.147,3.4,1.965,4.13,8.387,-6.57,I
213315,2112,direto,isco4,5.076,5.834,2.4,2.304,2.344,4.678,11.312,-2.097,I
213405,2114,direto,isco4,5.68,6.141,2.0,2.042,1.917,4.391,13.89,-3.17,I
213410,2114,familia,isco4,5.68,6.141,2.0,2.042,1.917,4.391,13.89,-3.17,I
213415,2114,direto,isco4,5.68,6.141,2.0,2.042,1.917,4.391,13.89,-3.17,I
213420,2114,familia,isco4,5.68,6.141,2.0,2.042,1.917,4.391,13.89,-3.17,I
213425,2114,familia,isco4,5.68,6.141,2.0,2.042,1.917,4.391,13.89,-3.17,I
213430,2114,familia,isco4,5.68,6.141,2.0,2.042,1.917,4.391,13.89,-3.17,I
213435,2114,familia,isco4,5.68,6.141,2.0,2.042,1.917,4.391,13.89,-3.17,I
213440,2114,familia,isco4,5.68,6.141,2.0,2.042,1.917,4.391,13.89,-3.17,I
214005,2143,manual,isco4,4.755,5.557,1.903,2.305,3.409,4.385,9.528,0.579,I
214010,2143,manual,isco4,4.755,5.557,1.903,2.305,3.409,4.385,9.528,0.579,I
214105,2160,direto,isco3,4.11,3.538,4.863,2.253,3.409,4.059,3.039,-1.614,A
214110,2160,familia,isco3,4.11,3.538,4.863,2.253,3.409,4.059,3.039,-1.614,A
214115,2160,familia,isco3,4.11,3.538,4.863,2.253,3.409,4.059,3.039,-1.614,A
214120,2160,direto,isco3,4.11,3.538,4.863,2.253,3.409,4.059,3.039,-1.614,A
214125,2160,direto,isco3,4.11,3.538,4.863,2.253,3.409,4.059,3.039,-1.614,A
214130,2160,familia,isco3,4.11,3.538,4.863,2.253,3.409,4.059,3.039,-1.614,A
214205,2142,direto,isco4,5.398,5.426,1.99,1.943,2.983,4.534,11.897,0.174,I
214210,2142,direto,isco4,5.398,5.426,1.99,1.943,2.983,4.534,11.897,0.174,I
214215,2142,direto,isco4,5.398,5.426,1.99,1.943,2.983,4.534,11.897,0.174,I
214220,2142,familia,isco4,5.398,5.426,1.99,1.943,2.983,4.534,11.897,0.174,I
214225,2142,direto,isco4,5.398,5.426,1.99,1.943,2.983,4.534,11.897,0.174,I
214230,2142,familia,isco4,5.398,5.426,1.99,1.943,2.983,4.534,11.897,0.174,I
214235,2142,familia,isco4,5.398,5.426,1.99,1.943,2.983,4.534,11.897,0.174,I
214240,2142,direto,isco4,5.398,5.426,1.99,1.943,2.983,4.534,11.897,0.174,I
214245,2142,direto,isco4,5.398,5.426,1.99,1.943,2.983,4.534,11.897,0.174,I
214250,2142,familia,isco4,5.398,5.426,1.99,1.943,2.983,4.534,11.897,0.174,I
214255,2142,direto,isco4,5.398,5.426,1.99,1.943,2.983,4.534,11.897,0.174,I
214260,2142,familia,isco4,5.398,5.426,1.99,1.943,2.983,4.534,11.897,0.174,I
214265,2142,direto,isco4,5.398,5.426,1.99,1.943,2.983,4.534,11.897,0.174,I
214270,2142,familia,isco4,5.398,5.426,1.99,1.943,2.983,4.534,11.897,0.174,I
214280,2142,familia,isco4,5.398,5.426,1.99,1.943,2.983,4.534,11.897,0.174,I
214305,2151,direto,isco4,5.94,5.423,2.031,1.686,2.251,4.556,14.206,-1.121,R
214310,2150,direto,isco3,5.758,5.269,1.809,1.66,1.934,4.822,14.542,-0.557,R
214315,2150,familia,isco3,5.758,5.269,1.809,1.66,1.934,4.822,14.542,-0.557,R
214320,2150,familia,isco3,5.758,5.269,1.809,1.66,1.934,4.822,14.542,-0.557,R
214325,2150,direto,isco3,5.758,5.269,1.809,1.66,1.934,4.822,14.542,-0.557,R
214330,2150,familia,isco3,5.758,5.269,1.809,1.66,1.934,4.822,14.542,-0.557,R
214335,2150,familia,isco3,5.758,5.269,1.809,1.66,1.934,4.822,14.542,-0.557,R
214340,2150,direto,isco3,5.758,5.269,1.809,1.66,1.934,4.822,14.542,-0.557,R
214345,2150,familia,isco3,5.758,5.269,1.809,1.66,1.934,4.822,14.542,-0.557,R
214350,2150,familia,isco3,5.758,5.269,1.809,1.66,1.934,4.822,14.542,-0.557,R
214360,2150,familia,isco3,5.758,5.269,1.809,1.66,1.934,4.822,14.542,-0.557,R
214365,2150,familia,isco3,5.758,5.269,1.809,1.66,1.934,4.822,14.542,-0.557,R
214370,2150,familia,isco3,5.758,5.269,1.809,1.66,1.934,4.822,14.542,-0.557,R
214375,2150,familia,isco3,5.758,5.269,1.809,1.66,1.934,4.822,14.542,-0.557,R
214380,2150,familia,isco3,5.758,5.269,1.809,1.66,1.934,4.822,14.542,-0.557,R
214405,2144,direto,isco4,6.127,5.321,2.002,1.377,2.274,4.561,15.107,-0.844,R
214410,2144,direto,isco4,6.127,5.321,2.002,1.377,2.274,4.561,15.107,-0.844,R
214415,2144,direto,isco4,6.127,5.321,2.002,1.377,2.274,4.561,15.107,-0.844,R
214420,2144,familia,isco4,6.127,5.321,2.002,1.377,2.274,4.561,15.107,-0.844,R
214425,2144,direto,isco4,6.127,5.321,2.002,1.377,2.274,4.561,15.107,-0.844,R
214430,2144,direto,isco4,6.127,5.321,2.002,1.377,2.274,4.561,15.107,-0.844,R
214435,2144,familia,isco4,6.127,5.321,2.002,1.377,2.274,4.561,15.107,-0.844,R
214505,2145,direto,isco4,5.522,5.862,2.154,1.605,2.399,4.187,13.329,-2.473,I
214510,2145,familia,isco4,5.522,5.862,2.154,1.605,2.399,4.187,13.329,-2.473,I
214515,2145,familia,isco4,5.522,5.862,2.154,1.605,2.399,4.187,13.329,-2.473,I
214520,2145,direto,isco4,5.522,5.862,2.154,1.605,2.399,4.187,13.329,-2.473,I
214525,2145,familia,isco4,5.522,5.862,2.154,1.605,2.399,4.187,13.329,-2.473,I
214530,2145,familia,isco4,5.522,5.862,2.154,1.605,2.399,4.187,13.329,-2.473,I
214535,2145,familia,isco4,5.522,5.862,2.154,1.605,2.399,4.187,13.329,-2.473,I
214540,2145,familia,isco4,5.522,5.862,2.154,1.605,2.399,4.187,13.329,-2.473,I
214605,2146,familia,isco4,5.595,5.592,1.791,1.872,2.562,4.509,13.194,-0.54,R
214610,2146,direto,isco4,5.595,5.592,1.791,1.872,2.562,4.509,13.194,-0.54,R
214615,2146,familia,isco4,5.595,5.592,1.791,1.872,2.562,4.509,13.194,-0.54,R
214705,2146,direto,isco4,5.595,5.592,1.791,1.872,2.562,4.509,13.194,-0.54,R
214710,2146,familia,isco4,5.595,5.592,1.791,1.872,2.562,4.509,13.194,-0.54,R
214715,2146,familia,isco4,5.595,5.592,1.791,1.872,2.562,4.509,13.194,-0.54,R
214720,2146,familia,isco4,5.595,5.592,1.791,1.872,2.562,4.509,13.194,-0.54,R
214725,2146,familia,isco4,5.595,5.592,1.791,1.872,2.562,4.509,13.194,-0.54,R
214730,2146,familia,isco4,5.595,5.592,1.791,1.872,2.562,4.509,13.194,-0.54,R
214735,2146,familia,isco4,5.595,5.592,1.791,1.872,2.562,4.509,13.194,-0.54,R
214740,2146,familia,isco4,5.595,5.592,1.791,1.872,2.562,4.509,13.194,-0.54,R
214745,2146,familia,isco4,5.595,5.592,1.791,1.872,2.562,4.509,13.194,-0.54,R
214750,2146,familia,isco4,5.595,5.592,1.791,1.872,2.562,4.509,13.194,-0.54,R
214805,2165,direto,isco4,5.218,4.635,2.398,1.468,1.494,5.523,13.765,-0.029,C
214810,2165,familia,isco4,5.218,4.635,2.398,1.468,1.494,5.523,13.765,-0.029,C
214905,2149,direto,isco4,5.072,5.221,1.908,1.771,2.738,4.752,11.928,0.625,I
214910,2149,direto,isco4,5.072,5.221,1.908,1.771,2.738,4.752,11.928,0.625,I
214915,2149,direto,isco4,5.072,5.221,1.908,1.771,2.738,4.752,11.928,0.625,I
214920,2149,familia,isco4,5.072,5.221,1.908,1.771,2.738,4.752,11.928,0.625,I
214925,2149,direto,isco4,5.072,5.221,1.908,1.771,2.738,4.752,11.928,0.625,I
214930,2149,familia,isco4,5.072,5.221,1.908,1.771,2.738,4.752,11.928,0.625,I
214935,2149,familia,isco4,5.072,5.221,1.908,1.771,2.738,4.752,11.928,0.625,I
214940,2149,familia,isco4,5.072,5.221,1.908,1.771,2.738,4.752,11.928,0.625,I
214945,2149,familia,isco4,5.072,5.221,1.908,1.771,2.738,4.752,11.928,0.625,I
214950,2149,familia,isco4,5.072,5.221,1.908,1.771,2.738,4.752,11.928,0.625,I
215105,3152,manual,isco4,6.066,2.583,1.015,1.734,3.639,4.297,10.891,7.506,R
215110,3152,manual,isco4,6.066,2.583,1.015,1.734,3.639,4.297,10.891,7.506,R
215115,3152,manual,isco4,6.066,2.583,1.015,1.734,3.639,4.297,10.891,7.506,R
215120,3152,manual,isco4,6.066,2.583,1.015,1.734,3.639,4.297,10.891,7.506,R
215125,3152,manual,isco4,6.066,2.583,1.015,1.734,3.639,4.297,10.891,7.506,R
215130,3152,manual,isco4,6.066,2.583,1.015,1.734,3.639,4.297,10.891,7.506,R
215135,3152,manual,isco4,6.066,2.583,1.015,1.734,3.639,4.297,10.891,7.506,R
215140,3152,manual,isco4,6.066,2.583,1.015,1.734,3.639,4.297,10.891,7.506,R
215145,3152,manual,isco4,6.066,2.583,1.015,1.734,3.639,4.297,10.891,7.506,R
215150,3152,manual,isco4,6.066,2.583,1.015,1.734,3.639,4.297,10.891,7.506,R
215205,3151,familia,isco4,5.873,4.867,1.893,1.508,3.052,4.643,13.295,1.618,R
215210,3151,direto,isco4,5.873,4.867,1.893,1.508,3.052,4.643,13.295,1.618,R
215215,3151,familia,isco4,5.873,4.867,1.893,1.508,3.052,4.643,13.295,1.618,R
215220,3151,direto,isco4,5.873,4.867,1.893,1.508,3.052,4.643,13.295,1.618,R
215305,3153,direto,isco4,5.059,3.216,1.331,2.315,3.495,4.71,8.588,6.329,R
215310,3153,direto,isco4,5.059,3.216,1.331,2.315,3.495,4.71,8.588,6.329,R
215315,3153,direto,isco4,5.059,3.216,1.331,2.315,3.495,4.71,8.588,6.329,R
221105,2130,direto,isco3,4.878,6.086,2.007,2.664,2.637,4.247,10.117,-2.089,I
221110,2130,familia,isco3,4.878,6.086,2.007,2.664,2.637,4.247,10.117,-2.089,I
221115,2130,familia,isco3,4.878,6.086,2.007,2.664,2.637,4.247,10.117,-2.089,I
221205,2131,manual,isco4,4.599,6.607,2.102,2.762,2.067,4.301,10.412,-4.051,I
222105,2132,familia,isco4,6.156,5.171,1.452,1.993,2.623,4.181,13.601,0.313,R
222110,2132,direto,isco4,6.156,5.171,1.452,1.993,2.623,4.181,13.601,0.313,R
222115,2132,direto,isco4,6.156,5.171,1.452,1.993,2.623,4.181,13.601,0.313,R
222120,2132,direto,isco4,6.156,5.171,1.452,1.993,2.623,4.181,13.601,0.313,R
222125,2132,familia,isco4,6.156,5.171,1.452,1.993,2.623,4.181,13.601,0.313,R
222130,2132,familia,isco4,6.156,5.171,1.452,1.993,2.623,4.181,13.601,0.313,R
222135,2132,familia,isco4,6.156,5.171,1.452,1.993,2.623,4.181,13.601,0.313,R
222205,2145,manual,isco4,5.522,5.862,2.154,1.605,2.399,4.187,13.329,-2.473,I
222215,2145,manual,isco4,5.522,5.862,2.154,1.605,2.399,4.187,13.329,-2.473,I
223204,2261,familia,isco4,5.619,5.66,1.371,4.339,1.81,3.857,8.896,-2.36,I
223208,2261,direto,isco4,5.619,5.66,1.371,4.339,1.81,3.857,8.896,-2.36,I
223212,2261,direto,isco4,5.619,5.66,1.371,4.339,1.81,3.857,8.896,-2.36,I
223216,2261,familia,isco4,5.619,5.66,1.371,4.339,1.81,3.857,8.896,-2.36,I
223220,2261,familia,isco4,5.619,5.66,1.371,4.339,1.81,3.857,8.896,-2.36,I
223224,2261,familia,isco4,5.619,5.66,1.371,4.339,1.81,3.857,8.896,-2.36,I
223228,2261,familia,isco4,5.619,5.66,1.371,4.339,1.81,3.857,8.896,-2.36,I
223232,2261,familia,isco4,5.619,5.66,1.371,4.339,1.81,3.857,8.896,-2.36,I
223236,2261,direto,isco4,5.619,5.66,1.371,4.339,1.81,3.857,8.896,-2.36,I
223240,2261,direto,isco4,5.619,5.66,1.371,4.339,1.81,3.857,8.896,-2.36,I
223244,2261,direto,isco4,5.619,5.66,1.371,4.339,1.81,3.857,8.896,-2.36,I
223248,2261,direto,isco4,5.619,5.66,1.371,4.339,1.81,3.857,8.896,-2.36,I
223252,2261,familia,isco4,5.619,5.66,1.371,4.339,1.81,3.857,8.896,-2.36,I
223256,2261,direto,isco4,5.619,5.66,1.371,4.339,1.81,3.857,8.896,-2.36,I
223260,2261,direto,isco4,5.619,5.66,1.371,4.339,1.81,3.857,8.896,-2.36,I
223264,2261,familia,isco4,5.619,5.66,1.371,4.339,1.81,3.857,8.896,-2.36,I
223268,2261,direto,isco4,5.619,5.66,1.371,4.339,1.81,3.857,8.896,-2.36,I
223272,2261,direto,isco4,5.619,5.66,1.371,4.339,1.81,3.857,8.896,-2.36,I
223276,2261,familia,isco4,5.619,5.66,1.371,4.339,1.81,3.857,8.896,-2.36,I
223280,2261,familia,isco4,5.619,5.66,1.371,4.339,1.81,3.857,8.896,-2.36,I
223284,2261,familia,isco4,5.619,5.66,1.371,4.339,1.81,3.857,8.896,-2.36,I
223288,2261,familia,isco4,5.619,5.66,1.371,4.339,1.81,3.857,8.896,-2.36,I
223293,2261,familia,isco4,5.619,5.66,1.371,4.339,1.81,3.857,8.896,-2.36,I
223305,2250,direto,isco4,5.733,6.297,1.32,2.957,1.933,3.433,12.03,-3.892,I
223310,2250,direto,isco4,5.733,6.297,1.32,2.957,1.933,3.433,12.03,-3.892,I
223405,2262,direto,isco4,3.019,5.287,1.411,4.657,2.606,4.909,2.901,1.411,I
223415,2262,familia,isco4,3.019,5.287,1.411,4.657,2.606,4.909,2.901,1.411,I
223420,2262,familia,isco4,3.019,5.287,1.411,4.657,2.606,4.909,2.901,1.411,I
223425,2262,familia,isco4,3.019,5.287,1.411,4.657,2.606,4.909,2.901,1.411,I
223430,2262,familia,isco4,3.019,5.287,1.411,4.657,2.606,4.909,2.901,1.411,I
223435,2262,familia,isco4,3.019,5.287,1.411,4.657,2.606,4.909,2.901,1.411,I
223440,2262,familia,isco4,3.019,5.287,1.411,4.657,2.606,4.909,2.901,1.411,I
223445,2262,familia,isco4,3.019,5.287,1.411,4.657,2.606,4.909,2.901,1.411,I
223505,2220,direto,isco3,3.308,5.094,1.76,5.809,2.465,3.872,-0.261,-0.895,S
223510,2220,familia,isco3,3.308,5.094,1.76,5.809,2.465,3.872,-0.261,-0.895,S
223515,2220,familia,isco3,3.308,5.094,1.76,5.809,2.465,3.872,-0.261,-0.895,S
223520,2220,direto,isco3,3.308,5.094,1.76,5.809,2.465,3.872,-0.261,-0.895,S
223525,2220,direto,isco3,3.308,5.094,1.76,5.809,2.465,3.872,-0.261,-0.895,S
223530,2220,direto,isco3,3.308,5.094,1.76,5.809,2.465,3.872,-0.261,-0.895,S
223535,2220,familia,isco3,3.308,5.094,1.76,5.809,2.465,3.872,-0.261,-0.895,S
223540,2220,familia,isco3,3.308,5.094,1.76,5.809,2.465,3.872,-0.261,-0.895,S
223545,2220,direto,isco3,3.308,5.094,1.76,5.809,2.465,3.872,-0.261,-0.895,S
223550,2220,direto,isco3,3.308,5.094,1.76,5.809,2.465,3.872,-0.261,-0.895,S
223555,2220,direto,isco3,3.308,5.094,1.76,5.809,2.465,3.872,-0.261,-0.895,S
223560,2220,direto,isco3,3.308,5.094,1.76,5.809,2.465,3.872,-0.261,-0.895,S
223565,2220,familia,isco3,3.308,5.094,1.76,5.809,2.465,3.872,-0.261,-0.895,S
223570,2220,familia,isco3,3.308,5.094,1.76,5.809,2.465,3.872,-0.261,-0.895,S
223575,2220,familia,isco3,3.308,5.094,1.76,5.809,2.465,3.872,-0.261,-0.895,S
223580,2220,familia,isco3,3.308,5.094,1.76,5.809,2.465,3.872,-0.261,-0.895,S
223585,2220,familia,isco3,3.308,5.094,1.76,5.809,2.465,3.872,-0.261,-0.895,S
223605,2260,direto,isco3,4.383,5.009,1.967,4.864,2.152,3.954,3.881,-1.506,I
223625,2260,familia,isco3,4.383,5.009,1.967,4.864,2.152,3.954,3.881,-1.506,I
223630,2260,familia,isco3,4.383,5.009,1.967,4.864,2.152,3.954,3.881,-1.506,I
223635,2260,familia,isco3,4.383,5.009,1.967,4.864,2.152,3.954,3.881,-1.506,I
223640,2260,familia,isco3,4.383,5.009,1.967,4.864,2.152,3.954,3.881,-1.506,I
223645,2260,familia,isco3,4.383,5.009,1.967,4.864,2.152,3.954,3.881,-1.506,I
223650,2260,familia,isco3,4.383,5.009,1.967,4.864,2.152,3.954,3.881,-1.506,I
223655,2260,familia,isco3,4.383,5.009,1.967,4.864,2.152,3.954,3.881,-1.506,I
223660,2260,familia,isco3,4.383,5.009,1.967,4.864,2.152,3.954,3.881,-1.506,I
223705,2260,direto,isco3,4.383,5.009,1.967,4.864,2.152,3.954,3.881,-1.506,I
223710,2260,direto,isco3,4.383,5.009,1.967,4.864,2.152,3.954,3.881,-1.506,I
223810,2260,direto,isco3,4.383,5.009,1.967,4.864,2.152,3.954,3.881,-1.506,I
223815,2260,familia,isco3,4.383,5.009,1.967,4.864,2.152,3.954,3.881,-1.506,I
223820,2260,familia,isco3,4.383,5.009,1.967,4.864,2.152,3.954,3.881,-1.506,I
223825,2260,familia,isco3,4.383,5.009,1.967,4.864,2.152,3.954,3.881,-1.506,I
223830,2260,familia,isco3,4.383,5.009,1.967,4.864,2.152,3.954,3.881,-1.506,I
223835,2260,familia,isco3,4.383,5.009,1.967,4.864,2.152,3.954,3.881,-1.506,I
223840,2260,familia,isco3,4.383,5.009,1.967,4.864,2.152,3.954,3.881,-1.506,I
223845,2260,familia,isco3,4.383,5.009,1.967,4.864,2.152,3.954,3.881,-1.506,I
223905,2260,direto,isco3,4.383,5.009,1.967,4.864,2.152,3.954,3.881,-1.506,I
223910,2260,direto,isco3,4.383,5.009,1.967,4.864,2.152,3.954,3.881,-1.506,I
223915,2260,familia,isco3,4.383,5.009,1.967,4.864,2.152,3.954,3.881,-1.506,I
224105,3420,familia,isco3,4.111,2.578,2.66,5.39,4.0,3.507,-3.133,3.926,S
224110,3420,familia,isco3,4.111,2.578,2.66,5.39,4.0,3.507,-3.133,3.926,S
224115,3420,direto,isco3,4.111,2.578,2.66,5.39,4.0,3.507,-3.133,3.926,S
224120,3420,direto,isco3,4.111,2.578,2.66,5.39,4.0,3.507,-3.133,3.926,S
224125,3420,familia,isco3,4.111,2.578,2.66,5.39,4.0,3.507,-3.133,3.926,S
224130,3420,familia,isco3,4.111,2.578,2.66,5.39,4.0,3.507,-3.133,3.926,S
224135,3420,direto,isco3,4.111,2.578,2.66,5.39,4.0,3.507,-3.133,3.926,S
224140,3420,familia,isco3,4.111,2.578,2.66,5.39,4.0,3.507,-3.133,3.926,S
225103,2210,familia,isco3,4.277,6.302,1.58,5.406,2.353,3.783,3.894,-3.02,I
225105,2210,familia,isco3,4.277,6.302,1.58,5.406,2.353,3.783,3.894,-3.02,I
225106,2210,direto,isco3,4.277,6.302,1.58,5.406,2.353,3.783,3.894,-3.02,I
225109,2210,direto,isco3,4.277,6.302,1.58,5.406,2.353,3.783,3.894,-3.02,I
225110,2210,familia,isco3,4.277,6.302,1.58,5.406,2.353,3.783,3.894,-3.02,I
225112,2210,direto,isco3,4.277,6.302,1.58,5.406,2.353,3.783,3.894,-3.02,I
225115,2210,direto,isco3,4.277,6.302,1.58,5.406,2.353,3.783,3.894,-3.02,I
225118,2210,familia,isco3,4.277,6.302,1.58,5.406,2.353,3.783,3.894,-3.02,I
225120,2210,direto,isco3,4.277,6.302,1.58,5.406,2.353,3.783,3.894,-3.02,I
225121,2210,familia,isco3,4.277,6.302,1.58,5.406,2.353,3.783,3.894,-3.02,I
225122,2210,familia,isco3,4.277,6.302,1.58,5.406,2.353,3.783,3.894,-3.02,I
225124,2210,direto,isco3,4.277,6.302,1.58,5.406,2.353,3.783,3.894,-3.02,I
225125,2210,direto,isco3,4.277,6.302,1.58,5.406,2.353,3.783,3.894,-3.02,I
225127,2210,direto,isco3,4.277,6.302,1.58,5.406,2.353,3.783,3.894,-3.02,I
225130,2210,familia,isco3,4.277,6.302,1.58,5.406,2.353,3.783,3.894,-3.02,I
225133,2210,direto,isco3,4.277,6.302,1.58,5.406,2.353,3.783,3.894,-3.02,I
225135,2210,direto,isco3,4.277,6.302,1.58,5.406,2.353,3.783,3.894,-3.02,I
225136,2210,familia,isco3,4.277,6.302,1.58,5.406,2.353,3.783,3.894,-3.02,I
225139,2210,direto,isco3,4.277,6.302,1.58,5.406,2.353,3.783,3.894,-3.02,I
225140,2210,direto,isco3,4.277,6.302,1.58,5.406,2.353,3.783,3.894,-3.02,I
225142,2210,familia,isco3,4.277,6.302,1.58,5.406,2.353,3.783,3.894,-3.02,I
225145,2210,familia,isco3,4.277,6.302,1.58,5.406,2.353,3.783,3.894,-3.02,I
225148,2210,familia,isco3,4.277,6.302,1.58,5.406,2.353,3.783,3.894,-3.02,I
225150,2210,familia,isco3,4.277,6.302,1.58,5.406,2.353,3.783,3.894,-3.02,I
225151,2210,direto,isco3,4.277,6.302,1.58,5.406,2.353,3.783,3.894,-3.02,I
225154,2210,familia,isco3,4.277,6.302,1.58,5.406,2.353,3.783,3.894,-3.02,I
225155,2210,direto,isco3,4.277,6.302,1.58,5.406,2.353,3.783,3.894,-3.02,I
225160,2210,direto,isco3,4.277,6.302,1.58,5.406,2.353,3.783,3.894,-3.02,I
225165,2210,familia,isco3,4.277,6.302,1.58,5.406,2.353,3.783,3.894,-3.02,I
225170,2210,familia,isco3,4.277,6.302,1.58,5.406,2.353,3.783,3.894,-3.02,I
225175,2210,familia,isco3,4.277,6.302,1.58,5.406,2.353,3.783,3.894,-3.02,I
225180,2210,familia,isco3,4.277,6.302,1.58,5.406,2.353,3.783,3.894,-3.02,I
225185,2210,familia,isco3,4.277,6.302,1.58,5.406,2.353,3.783,3.894,-3.02,I
225195,2210,direto,isco3,4.277,6.302,1.58,5.406,2.353,3.783,3.894,-3.02,I
225203,2210,familia,isco3,4.277,6.302,1.58,5.406,2.353,3.783,3.894,-3.02,I
225210,2210,familia,isco3,4.277,6.302,1.58,5.406,2.353,3.783,3.894,-3.02,I
225215,2210,familia,isco3,4.277,6.302,1.58,5.406,2.353,3.783,3.894,-3.02,I
225220,2210,familia,isco3,4.277,6.302,1.58,5.406,2.353,3.783,3.894,-3.02,I
225225,2210,direto,isco3,4.277,6.302,1.58,5.406,2.353,3.783,3.894,-3.02,I
225230,2210,familia,isco3,4.277,6.302,1.58,5.406,2.353,3.783,3.894,-3.02,I
225235,2210,direto,isco3,4.277,6.302,1.58,5.406,2.353,3.783,3.894,-3.02,I
225240,2210,familia,isco3,4.277,6.302,1.58,5.406,2.353,3.783,3.894,-3.02,I
225250,2210,direto,isco3,4.277,6.302,1.58,5.406,2.353,3.783,3.894,-3.02,I
225255,2210,familia,isco3,4.277,6.302,1.58,5.406,2.353,3.783,3.894,-3.02,I
225260,2210,familia,isco3,4.277,6.302,1.58,5.406,2.353,3.783,3.894,-3.02,I
225265,2210,direto,isco3,4.277,6.302,1.58,5.406,2.353,3.783,3.894,-3.02,I
225270,2210,direto,isco3,4.277,6.302,1.58,5.406,2.353,3.783,3.894,-3.02,I
225275,2210,direto,isco3,4.277,6.302,1.58,5.406,2.353,3.783,3.894,-3.02,I
225280,2210,direto,isco3,4.277,6.302,1.58,5.406,2.353,3.783,3.894,-3.02,I
225285,2210,direto,isco3,4.277,6.302,1.58,5.406,2.353,3.783,3.894,-3.02,I
225290,2210,familia,isco3,4.277,6.302,1.58,5.406,2.353,3.783,3.894,-3.02,I
225295,2210,familia,isco3,4.277,6.302,1.58,5.406,2.353,3.783,3.894,-3.02,I
225305,2210,familia,isco3,4.277,6.302,1.58,5.406,2.353,3.783,3.894,-3.02,I
225310,2210,direto,isco3,4.277,6.302,1.58,5.406,2.353,3.783,3.894,-3.02,I
225315,2210,familia,isco3,4.277,6.302,1.58,5.406,2.353,3.783,3.894,-3.02,I
225320,2210,direto,isco3,4.277,6.302,1.58,5.406,2.353,3.783,3.894,-3.02,I
225325,2210,familia,isco3,4.277,6.302,1.58,5.406,2.353,3.783,3.894,-3.02,I
225330,2210,direto,isco3,4.277,6.302,1.58,5.406,2.353,3.783,3.894,-3.02,I
225335,2210,familia,isco3,4.277,6.302,1.58,5.406,2.353,3.783,3.894,-3.02,I
225340,2210,familia,isco3,4.277,6.302,1.58,5.406,2.353,3.783,3.894,-3.02,I
225345,2210,familia,isco3,4.277,6.302,1.58,5.406,2.353,3.783,3.894,-3.02,I
225350,2210,familia,isco3,4.277,6.302,1.58,5.406,2.353,3.783,3.894,-3.02,I
225355,2210,familia,isco3,4.277,6.302,1.58,5.406,2.353,3.783,3.894,-3.02,I
226105,2269,manual,isco4,4.356,4.61,2.29,5.096,1.936,3.802,2.705,-2.009,S
226110,2269,manual,isco4,4.356,4.61,2.29,5.096,1.936,3.802,2.705,-2.009,S
226305,2269,manual,isco4,4.356,4.61,2.29,5.096,1.936,3.802,2.705,-2.009,S
226310,2269,manual,isco4,4.356,4.61,2.29,5.096,1.936,3.802,2.705,-2.009,S
226315,2269,manual,isco4,4.356,4.61,2.29,5.096,1.936,3.802,2.705,-2.009,S
226320,2269,manual,isco4,4.356,4.61,2.29,5.096,1.936,3.802,2.705,-2.009,S
231105,2342,manual,isco4,2.81,2.935,3.985,7.0,2.485,3.705,-8.21,-1.263,S
231110,2342,manual,isco4,2.81,2.935,3.985,7.0,2.485,3.705,-8.21,-1.263,S
231205,2342,familia,isco4,2.81,2.935,3.985,7.0,2.485,3.705,-8.21,-1.263,S
231210,2342,direto,isco4,2.81,2.935,3.985,7.0,2.485,3.705,-8.21,-1.263,S
231305,2341,direto,isco4,2.79,3.055,3.925,7.0,2.53,3.695,-8.125,-1.306,S
231310,2341,familia,isco4,2.79,3.055,3.925,7.0,2.53,3.695,-8.125,-1.306,S
231315,2341,familia,isco4,2.79,3.055,3.925,7.0,2.53,3.695,-8.125,-1.306,S
231320,2341,familia,isco4,2.79,3.055,3.925,7.0,2.53,3.695,-8.125,-1.306,S
231325,2341,direto,isco4,2.79,3.055,3.925,7.0,2.53,3.695,-8.125,-1.306,S
231330,2341,familia,isco4,2.79,3.055,3.925,7.0,2.53,3.695,-8.125,-1.306,S
231335,2341,direto,isco4,2.79,3.055,3.925,7.0,2.53,3.695,-8.125,-1.306,S
231340,2341,direto,isco4,2.79,3.055,3.925,7.0,2.53,3.695,-8.125,-1.306,S
232105,2330,familia,isco4,3.024,4.466,3.764,6.64,2.603,3.542,-5.592,-3.606,S
232110,2330,direto,isco4,3.024,4.466,3.764,6.64,2.603,3.542,-5.592,-3.606,S
232115,2330,direto,isco4,3.024,4.466,3.764,6.64,2.603,3.542,-5.592,-3.606,S
232120,2330,familia,isco4,3.024,4.466,3.764,6.64,2.603,3.542,-5.592,-3.606,S
232125,2330,familia,isco4,3.024,4.466,3.764,6.64,2.603,3.542,-5.592,-3.606,S
232130,2330,direto,isco4,3.024,4.466,3.764,6.64,2.603,3.542,-5.592,-3.606,S
232135,2330,direto,isco4,3.024,4.466,3.764,6.64,2.603,3.542,-5.592,-3.606,S
232140,2330,direto,isco4,3.024,4.466,3.764,6.64,2.603,3.542,-5.592,-3.606,S
232145,2330,direto,isco4,3.024,4.466,3.764,6.64,2.603,3.542,-5.592,-3.606,S
232150,2330,direto,isco4,3.024,4.466,3.764,6.64,2.603,3.542,-5.592,-3.606,S
232155,2330,direto,isco4,3.024,4.466,3.764,6.64,2.603,3.542,-5.592,-3.606,S
232160,2330,direto,isco4,3.024,4.466,3.764,6.64,2.603,3.542,-5.592,-3.606,S
232165,2330,direto,isco4,3.024,4.466,3.764,6.64,2.603,3.542,-5.592,-3.606,S
232170,2330,familia,isco4,3.024,4.466,3.764,6.64,2.603,3.542,-5.592,-3.606,S
233105,2330,familia,isco4,3.024,4.466,3.764,6.64,2.603,3.542,-5.592,-3.606,S
233110,2330,direto,isco4,3.024,4.466,3.764,6.64,2.603,3.542,-5.592,-3.606,S
233115,2330,direto,isco4,3.024,4.466,3.764,6.64,2.603,3.542,-5.592,-3.606,S
233120,2330,direto,isco4,3.024,4.466,3.764,6.64,2.603,3.542,-5.592,-3.606,S
233125,2330,direto,isco4,3.024,4.466,3.764,6.64,2.603,3.542,-5.592,-3.606,S
233130,2330,direto,isco4,3.024,4.466,3.764,6.64,2.603,3.542,-5.592,-3.606,S
233135,2330,direto,isco4,3.024,4.466,3.764,6.64,2.603,3.542,-5.592,-3.606,S
233205,2330,direto,isco4,3.024,4.466,3.764,6.64,2.603,3.542,-5.592,-3.606,S
233210,2330,direto,isco4,3.024,4.466,3.764,6.64,2.603,3.542,-5.592,-3.606,S
233215,2330,direto,isco4,3.024,4.466,3.764,6.64,2.603,3.542,-5.592,-3.606,S
233220,2330,familia,isco4,3.024,4.466,3.764,6.64,2.603,3.542,-5.592,-3.606,S
233225,2330,familia,isco4,3.024,4.466,3.764,6.64,2.603,3.542,-5.592,-3.606,S
234105,2310,familia,isco4,3.068,5.209,3.557,6.462,2.524,3.5,-4.16,-4.744,S
234110,2310,familia,isco4,3.068,5.209,3.557,6.462,2.524,3.5,-4.16,-4.744,S
234115,2310,direto,isco4,3.068,5.209,3.557,6.462,2.524,3.5,-4.16,-4.744,S
234120,2310,familia,isco4,3.068,5.209,3.557,6.462,2.524,3.5,-4.16,-4.744,S
234125,2310,direto,isco4,3.068,5.209,3.557,6.462,2.524,3.5,-4.16,-4.744,S
234205,2310,direto,isco4,3.068,5.209,3.557,6.462,2.524,3.5,-4.16,-4.744,S
234210,2310,direto,isco4,3.068,5.209,3.557,6.462,2.524,3.5,-4.16,-4.744,S
234215,2310,direto,isco4,3.068,5.209,3.557,6.462,2.524,3.5,-4.16,-4.744,S
234305,2310,direto,isco4,3.068,5.209,3.557,6.462,2.524,3.5,-4.16,-4.744,S
234310,2310,familia,isco4,3.068,5.209,3.557,6.462,2.524,3.5,-4.16,-4.744,S
234315,2310,familia,isco4,3.068,5.209,3.557,6.462,2.524,3.5,-4.16,-4.744,S
234320,2310,direto,isco4,3.068,5.209,3.557,6.462,2.524,3.5,-4.16,-4.744,S
234405,2310,direto,isco4,3.068,5.209,3.557,6.462,2.524,3.5,-4.16,-4.744,S
234410,2310,familia,isco4,3.068,5.209,3.557,6.462,2.524,3.5,-4.16,-4.744,S
234415,2310,direto,isco4,3.068,5.209,3.557,6.462,2.524,3.5,-4.16,-4.744,S
234420,2310,direto,isco4,3.068,5.209,3.557,6.462,2.524,3.5,-4.16,-4.744,S
234425,2310,direto,isco4,3.068,5.209,3.557,6.462,2.524,3.5,-4.16,-4.744,S
234430,2310,familia,isco4,3.068,5.209,3.557,6.462,2.524,3.5,-4.16,-4.744,S
234435,2310,familia,isco4,3.068,5.209,3.557,6.462,2.524,3.5,-4.16,-4.744,S
234440,2310,familia,isco4,3.068,5.209,3.557,6.462,2.524,3.5,-4.16,-4.744,S
234445,2310,familia,isco4,3.068,5.209,3.557,6.462,2.524,3.5,-4.16,-4.744,S
234450,2310,familia,isco4,3.068,5.209,3.557,6.462,2.524,3.5,-4.16,-4.744,S
234455,2310,familia,isco4,3.068,5.209,3.557,6.462,2.524,3.5,-4.16,-4.744,S
234460,2310,familia,isco4,3.068,5.209,3.557,6.462,2.524,3.5,-4.16,-4.744,S
234505,2310,direto,isco4,3.068,5.209,3.557,6.462,2.524,3.5,-4.16,-4.744,S
234510,2310,direto,isco4,3.068,5.209,3.557,6.462,2.524,3.5,-4.16,-4.744,S
234515,2310,direto,isco4,3.068,5.209,3.557,6.462,2.524,3.5,-4.16,-4.744,S
234520,2310,direto,isco4,3.068,5.209,3.557,6.462,2.524,3.5,-4.16,-4.744,S
234604,2310,familia,isco4,3.068,5.209,3.557,6.462,2.524,3.5,-4.16,-4.744,S
234608,2310,familia,isco4,3.068,5.209,3.557,6.462,2.524,3.5,-4.16,-4.744,S
234612,2310,familia,isco4,3.068,5.209,3.557,6.462,2.524,3.5,-4.16,-4.744,S
234616,2310,direto,isco4,3.068,5.209,3.557,6.462,2.524,3.5,-4.16,-4.744,S
234620,2310,familia,isco4,3.068,5.209,3.557,6.462,2.524,3.5,-4.16,-4.744,S
234624,2310,direto,isco4,3.068,5.209,3.557,6.462,2.524,3.5,-4.16,-4.744,S
234628,2310,familia,isco4,3.068,5.209,3.557,6.462,2.524,3.5,-4.16,-4.744,S
234632,2310,familia,isco4,3.068,5.209,3.557,6.462,2.524,3.5,-4.16,-4.744,S
234636,2310,familia,isco4,3.068,5.209,3.557,6.462,2.524,3.5,-4.16,-4.744,S
234640,2310,familia,isco4,3.068,5.209,3.557,6.462,2.524,3.5,-4.16,-4.744,S
234644,2310,familia,isco4,3.068,5.209,3.557,6.462,2.524,3.5,-4.16,-4.744,S
234648,2310,direto,isco4,3.068,5.209,3.557,6.462,2.524,3.5,-4.16,-4.744,S
234652,2310,familia,isco4,3.068,5.209,3.557,6.462,2.524,3.5,-4.16,-4.744,S
234656,2310,familia,isco4,3.068,5.209,3.557,6.462,2.524,3.5,-4.16,-4.744,S
234660,2310,familia,isco4,3.068,5.209,3.557,6.462,2.524,3.5,-4.16,-4.744,S
234664,2310,familia,isco4,3.068,5.209,3.557,6.462,2.524,3.5,-4.16,-4.744,S
234668,2310,familia,isco4,3.068,5.209,3.557,6.462,2.524,3.5,-4.16,-4.744,S
234672,2310,direto,isco4,3.068,5.209,3.557,6.462,2.524,3.5,-4.16,-4.744,S
234676,2310,direto,isco4,3.068,5.209,3.557,6.462,2.524,3.5,-4.16,-4.744,S
234680,2310,familia,isco4,3.068,5.209,3.557,6.462,2.524,3.5,-4.16,-4.744,S
234684,2310,familia,isco4,3.068,5.209,3.557,6.462,2.524,3.5,-4.16,-4.744,S
234689,2310,familia,isco4,3.068,5.209,3.557,6.462,2.524,3.5,-4.16,-4.744,S
234705,2310,direto,isco4,3.068,5.209,3.557,6.462,2.524,3.5,-4.16,-4.744,S
234710,2310,familia,isco4,3.068,5.209,3.557,6.462,2.524,3.5,-4.16,-4.744,S
234715,2310,familia,isco4,3.068,5.209,3.557,6.462,2.524,3.5,-4.16,-4.744,S
234720,2310,direto,isco4,3.068,5.209,3.557,6.462,2.524,3.5,-4.16,-4.744,S
234725,2310,familia,isco4,3.068,5.209,3.557,6.462,2.524,3.5,-4.16,-4.744,S
234730,2310,familia,isco4,3.068,5.209,3.557,6.462,2.524,3.5,-4.16,-4.744,S
234735,2310,direto,isco4,3.068,5.209,3.557,6.462,2.524,3.5,-4.16,-4.744,S
234740,2310,direto,isco4,3.068,5.209,3.557,6.462,2.524,3.5,-4.16,-4.744,S
234745,2310,direto,isco4,3.068,5.209,3.557,6.462,2.524,3.5,-4.16,-4.744,S
234750,2310,familia,isco4,3.068,5.209,3.557,6.462,2.524,3.5,-4.16,-4.744,S
234755,2310,familia,isco4,3.068,5.209,3.557,6.462,2.524,3.5,-4.16,-4.744,S
234760,2310,direto,isco4,3.068,5.209,3.557,6.462,2.524,3.5,-4.16,-4.744,S
234765,2310,familia,isco4,3.068,5.209,3.557,6.462,2.524,3.5,-4.16,-4.744,S
234770,2310,direto,isco4,3.068,5.209,3.557,6.462,2.524,3.5,-4.16,-4.744,S
234805,2310,direto,isco4,3.068,5.209,3.557,6.462,2.524,3.5,-4.16,-4.744,S
234810,2310,direto,isco4,3.068,5.209,3.557,6.462,2.524,3.5,-4.16,-4.744,S
234815,2310,direto,isco4,3.068,5.209,3.557,6.462,2.524,3.5,-4.16,-4.744,S
234905,2310,manual,isco4,3.068,5.209,3.557,6.462,2.524,3.5,-4.16,-4.744,S
234910,2310,manual,isco4,3.068,5.209,3.557,6.462,2.524,3.5,-4.16,-4.744,S
234915,2310,manual,isco4,3.068,5.209,3.557,6.462,2.524,3.5,-4.16,-4.744,S
239205,2352,direto,isco4,2.45,3.74,3.814,7.0,1.848,3.418,-7.604,-3.957,S
239210,2352,familia,isco4,2.45,3.74,3.814,7.0,1.848,3.418,-7.604,-3.957,S
239215,2352,direto,isco4,2.45,3.74,3.814,7.0,1.848,3.418,-7.604,-3.957,S
239220,2352,familia,isco4,2.45,3.74,3.814,7.0,1.848,3.418,-7.604,-3.957,S
239225,2352,direto,isco4,2.45,3.74,3.814,7.0,1.848,3.418,-7.604,-3.957,S
239405,2351,direto,isco4,1.86,3.902,3.417,6.45,3.265,4.01,-7.95,-0.078,S
239410,2351,direto,isco4,1.86,3.902,3.417,6.45,3.265,4.01,-7.95,-0.078,S
239415,2351,direto,isco4,1.86,3.902,3.417,6.45,3.265,4.01,-7.95,-0.078,S
239420,2351,direto,isco4,1.86,3.902,3.417,6.45,3.265,4.01,-7.95,-0.078,S
239425,2351,familia,isco4,1.86,3.902,3.417,6.45,3.265,4.01,-7.95,-0.078,S
239430,2351,direto,isco4,1.86,3.902,3.417,6.45,3.265,4.01,-7.95,-0.078,S
239435,2351,familia,isco4,1.86,3.902,3.417,6.45,3.265,4.01,-7.95,-0.078,S
239440,2351,familia,isco4,1.86,3.902,3.417,6.45,3.265,4.01,-7.95,-0.078,S
239445,2351,familia,isco4,1.86,3.902,3.417,6.45,3.265,4.01,-7.95,-0.078,S
241005,2611,direto,isco4,1.12,4.38,2.4,3.48,5.51,4.59,-3.66,5.744,E
241010,2611,familia,isco4,1.12,4.38,2.4,3.48,5.51,4.59,-3.66,5.744,E
241015,2611,direto,isco4,1.12,4.38,2.4,3.48,5.51,4.59,-3.66,5.744,E
241020,2611,familia,isco4,1.12,4.38,2.4,3.48,5.51,4.59,-3.66,5.744,E
241025,2611,direto,isco4,1.12,4.38,2.4,3.48,5.51,4.59,-3.66,5.744,E
241030,2611,familia,isco4,1.12,4.38,2.4,3.48,5.51,4.59,-3.66,5.744,E
241035,2611,direto,isco4,1.12,4.38,2.4,3.48,5.51,4.59,-3.66,5.744,E
241040,2611,direto,isco4,1.12,4.38,2.4,3.48,5.51,4.59,-3.66,5.744,E
241205,2619,familia,isco4,1.953,3.618,1.492,3.092,5.365,5.392,-0.123,9.769,C
241210,2619,direto,isco4,1.953,3.618,1.492,3.092,5.365,5.392,-0.123,9.769,C
241215,2619,direto,isco4,1.953,3.618,1.492,3.092,5.365,5.392,-0.123,9.769,C
241220,2619,familia,isco4,1.953,3.618,1.492,3.092,5.365,5.392,-0.123,9.769,C
241225,2619,familia,isco4,1.953,3.618,1.492,3.092,5.365,5.392,-0.123,9.769,C
241230,2619,familia,isco4,1.953,3.618,1.492,3.092,5.365,5.392,-0.123,9.769,C
241235,2619,familia,isco4,1.953,3.618,1.492,3.092,5.365,5.392,-0.123,9.769,C
241305,2619,familia,isco4,1.953,3.618,1.492,3.092,5.365,5.392,-0.123,9.769,C
241310,2619,familia,isco4,1.953,3.618,1.492,3.092,5.365,5.392,-0.123,9.769,C
241315,2619,familia,isco4,1.953,3.618,1.492,3.092,5.365,5.392,-0.123,9.769,C
241320,2619,familia,isco4,1.953,3.618,1.492,3.092,5.365,5.392,-0.123,9.769,C
241325,2619,familia,isco4,1.953,3.618,1.492,3.092,5.365,5.392,-0.123,9.769,C
241330,2619,familia,isco4,1.953,3.618,1.492,3.092,5.365,5.392,-0.123,9.769,C
241335,2619,direto,isco4,1.953,3.618,1.492,3.092,5.365,5.392,-0.123,9.769,C
241340,2619,familia,isco4,1.953,3.618,1.492,3.092,5.365,5.392,-0.123,9.769,C
241405,2612,manual,isco4,1.665,3.91,1.96,3.505,5.19,4.8,-2.12,7.128,E
242205,2611,manual,isco4,1.12,4.38,2.4,3.48,5.51,4.59,-3.66,5.744,E
242210,2611,manual,isco4,1.12,4.38,2.4,3.48,5.51,4.59,-3.66,5.744,E
242215,2611,manual,isco4,1.12,4.38,2.4,3.48,5.51,4.59,-3.66,5.744,E
242220,2611,manual,isco4,1.12,4.38,2.4,3.48,5.51,4.59,-3.66,5.744,E
242225,2611,manual,isco4,1.12,4.38,2.4,3.48,5.51,4.59,-3.66,5.744,E
242230,2611,manual,isco4,1.12,4.38,2.4,3.48,5.51,4.59,-3.66,5.744,E
242235,2611,manual,isco4,1.12,4.38,2.4,3.48,5.51,4.59,-3.66,5.744,E
242240,2611,manual,isco4,1.12,4.38,2.4,3.48,5.51,4.59,-3.66,5.744,E
242245,2611,manual,isco4,1.12,4.38,2.4,3.48,5.51,4.59,-3.66,5.744,E
242250,2611,manual,isco4,1.12,4.38,2.4,3.48,5.51,4.59,-3.66,5.744,E
242305,2619,direto,isco4,1.953,3.618,1.492,3.092,5.365,5.392,-0.123,9.769,C
242405,2611,manual,isco4,1.12,4.38,2.4,3.48,5.51,4.59,-3.66,5.744,E
242410,2611,manual,isco4,1.12,4.38,2.4,3.48,5.51,4.59,-3.66,5.744,E
242905,3355,manual,isco4,4.375,4.028,1.335,2.692,3.725,4.982,7.315,5.785,C
242910,3355,manual,isco4,4.375,4.028,1.335,2.692,3.725,4.982,7.315,5.785,C
251105,2632,direto,isco4,2.491,6.087,3.598,4.196,2.646,3.948,0.381,-5.346,I
251110,2632,direto,isco4,2.491,6.087,3.598,4.196,2.646,3.948,0.381,-5.346,I
251115,2632,direto,isco4,2.491,6.087,3.598,4.196,2.646,3.948,0.381,-5.346,I
251120,2632,direto,isco4,2.491,6.087,3.598,4.196,2.646,3.948,0.381,-5.346,I
251205,2631,direto,isco4,1.943,6.589,2.613,3.471,3.793,4.286,1.411,-1.943,I
251210,2631,familia,isco4,1.943,6.589,2.613,3.471,3.793,4.286,1.411,-1.943,I
251215,2631,direto,isco4,1.943,6.589,2.613,3.471,3.793,4.286,1.411,-1.943,I
251220,2631,familia,isco4,1.943,6.589,2.613,3.471,3.793,4.286,1.411,-1.943,I
251225,2631,direto,isco4,1.943,6.589,2.613,3.471,3.793,4.286,1.411,-1.943,I
251230,2631,familia,isco4,1.943,6.589,2.613,3.471,3.793,4.286,1.411,-1.943,I
251235,2631,familia,isco4,1.943,6.589,2.613,3.471,3.793,4.286,1.411,-1.943,I
251305,2632,direto,isco4,2.491,6.087,3.598,4.196,2.646,3.948,0.381,-5.346,I
251405,2633,manual,isco4,2.08,5.696,3.813,5.006,2.859,3.83,-2.997,-4.879,I
251505,2634,direto,isco4,1.801,5.931,3.039,6.097,2.386,3.467,-4.621,-5.393,S
251510,2634,direto,isco4,1.801,5.931,3.039,6.097,2.386,3.467,-4.621,-5.393,S
251515,2634,direto,isco4,1.801,5.931,3.039,6.097,2.386,3.467,-4.621,-5.393,S
251520,2634,familia,isco4,1.801,5.931,3.039,6.097,2.386,3.467,-4.621,-5.393,S
251525,2634,direto,isco4,1.801,5.931,3.039,6.097,2.386,3.467,-4.621,-5.393,S
251530,2634,direto,isco4,1.801,5.931,3.039,6.097,2.386,3.467,-4.621,-5.393,S
251535,2634,direto,isco4,1.801,5.931,3.039,6.097,2.386,3.467,-4.621,-5.393,S
251540,2634,direto,isco4,1.801,5.931,3.039,6.097,2.386,3.467,-4.621,-5.393,S
251545,2634,familia,isco4,1.801,5.931,3.039,6.097,2.386,3.467,-4.621,-5.393,S
251550,2634,familia,isco4,1.801,5.931,3.039,6.097,2.386,3.467,-4.621,-5.393,S
251555,2634,familia,isco4,1.801,5.931,3.039,6.097,2.386,3.467,-4.621,-5.393,S
251605,2635,direto,isco4,1.91,3.815,2.661,6.49,2.942,3.495,-7.454,-0.067,S
251610,2635,direto,isco4,1.91,3.815,2.661,6.49,2.942,3.495,-7.454,-0.067,S
252105,2400,direto,isco2,1.855,3.734,2.118,3.148,5.125,5.055,-1.041,7.487,E
252205,2411,direto,isco4,1.511,3.103,1.111,2.125,4.194,6.728,3.298,11.606,C
252210,2411,direto,isco4,1.511,3.103,1.111,2.125,4.194,6.728,3.298,11.606,C
252215,2411,familia,isco4,1.511,3.103,1.111,2.125,4.194,6.728,3.298,11.606,C
252305,3340,familia,isco3,2.126,2.605,1.559,3.818,4.36,5.882,-0.817,10.516,C
252310,3340,direto,isco3,2.126,2.605,1.559,3.818,4.36,5.882,-0.817,10.516,C
252315,3340,familia,isco3,2.126,2.605,1.559,3.818,4.36,5.882,-0.817,10.516,C
252320,3340,familia,isco3,2.126,2.605,1.559,3.818,4.36,5.882,-0.817,10.516,C
252405,2423,direto,isco4,1.254,3.34,2.011,4.357,4.796,5.037,-4.637,7.753,C
252505,2412,manual,isco4,1.228,4.299,1.833,2.998,5.54,5.345,-1.269,8.223,E
252510,2413,manual,isco4,1.442,5.343,1.629,2.223,4.595,5.66,3.216,5.681,C
252515,2413,manual,isco4,1.442,5.343,1.629,2.223,4.595,5.66,3.216,5.681,C
252525,2413,manual,isco4,1.442,5.343,1.629,2.223,4.595,5.66,3.216,5.681,C
252530,2413,manual,isco4,1.442,5.343,1.629,2.223,4.595,5.66,3.216,5.681,C
252535,2413,manual,isco4,1.442,5.343,1.629,2.223,4.595,5.66,3.216,5.681,C
252540,2413,manual,isco4,1.442,5.343,1.629,2.223,4.595,5.66,3.216,5.681,C
252545,2413,manual,isco4,1.442,5.343,1.629,2.223,4.595,5.66,3.216,5.681,C
252550,2413,manual,isco4,1.442,5.343,1.629,2.223,4.595,5.66,3.216,5.681,C
252605,1219,manual,isco4,3.491,3.392,1.425,2.661,5.705,5.277,3.201,10.665,E
252705,2421,manual,isco4,1.752,5.14,1.758,2.04,4.288,5.966,4.484,5.806,C
252710,2421,manual,isco4,1.752,5.14,1.758,2.04,4.288,5.966,4.484,5.806,C
252715,2421,manual,isco4,1.752,5.14,1.758,2.04,4.288,5.966,4.484,5.806,C
252720,2421,manual,isco4,1.752,5.14,1.758,2.04,4.288,5.966,4.484,5.806,C
252725,2421,manual,isco4,1.752,5.14,1.758,2.04,4.288,5.966,4.484,5.806,C
253110,2400,direto,isco2,1.855,3.734,2.118,3.148,5.125,5.055,-1.041,7.487,E
253115,2400,direto,isco2,1.855,3.734,2.118,3.148,5.125,5.055,-1.041,7.487,E
253120,2400,familia,isco2,1.855,3.734,2.118,3.148,5.125,5.055,-1.041,7.487,E
253125,2400,familia,isco2,1.855,3.734,2.118,3.148,5.125,5.055,-1.041,7.487,E
253130,2400,familia,isco2,1.855,3.734,2.118,3.148,5.125,5.055,-1.041,7.487,E
253135,2400,familia,isco2,1.855,3.734,2.118,3.148,5.125,5.055,-1.041,7.487,E
253140,3322,direto,isco4,2.027,2.323,1.472,3.302,6.19,4.95,-2.938,12.707,E
253205,2412,manual,isco4,1.228,4.299,1.833,2.998,5.54,5.345,-1.269,8.223,E
253210,2412,manual,isco4,1.228,4.299,1.833,2.998,5.54,5.345,-1.269,8.223,E
253215,2412,manual,isco4,1.228,4.299,1.833,2.998,5.54,5.345,-1.269,8.223,E
253220,2412,manual,isco4,1.228,4.299,1.833,2.998,5.54,5.345,-1.269,8.223,E
253225,2412,manual,isco4,1.228,4.299,1.833,2.998,5.54,5.345,-1.269,8.223,E
253305,3311,manual,isco4,1.312,2.608,1.304,3.092,5.934,5.513,-2.678,13.036,E
253405,2431,manual,isco4,1.492,3.43,2.775,2.782,5.609,4.866,-2.667,7.388,E
253410,2431,manual,isco4,1.492,3.43,2.775,2.782,5.609,4.866,-2.667,7.388,E
254105,3352,manual,isco4,1.21,2.47,1.0,3.15,4.38,6.85,0.06,13.425,C
254110,3352,manual,isco4,1.21,2.47,1.0,3.15,4.38,6.85,0.06,13.425,C
254205,3353,manual,isco4,1.465,2.655,1.055,3.195,3.933,6.315,0.523,11.31,C
254305,3257,manual,isco4,4.906,4.76,1.099,2.488,2.947,5.359,10.909,4.233,C
254310,3257,manual,isco4,4.906,4.76,1.099,2.488,2.947,5.359,10.909,4.233,C
254405,3352,manual,isco4,1.21,2.47,1.0,3.15,4.38,6.85,0.06,13.425,C
254410,3352,manual,isco4,1.21,2.47,1.0,3.15,4.38,6.85,0.06,13.425,C
254415,3352,manual,isco4,1.21,2.47,1.0,3.15,4.38,6.85,0.06,13.425,C
254420,3352,manual,isco4,1.21,2.47,1.0,3.15,4.38,6.85,0.06,13.425,C
254505,3359,manual,isco4,5.526,3.428,1.04,2.038,3.08,5.372,11.656,6.893,R
261105,2640,familia,isco3,1.581,3.562,5.159,3.097,3.323,4.057,-3.894,-2.32,A
261110,2640,familia,isco3,1.581,3.562,5.159,3.097,3.323,4.057,-3.894,-2.32,A
261115,2640,familia,isco3,1.581,3.562,5.159,3.097,3.323,4.057,-3.894,-2.32,A
261120,2640,familia,isco3,1.581,3.562,5.159,3.097,3.323,4.057,-3.894,-2.32,A
261125,2640,direto,isco3,1.581,3.562,5.159,3.097,3.323,4.057,-3.894,-2.32,A
261130,2640,familia,isco3,1.581,3.562,5.159,3.097,3.323,4.057,-3.894,-2.32,A
261135,2640,direto,isco3,1.581,3.562,5.159,3.097,3.323,4.057,-3.894,-2.32,A
261140,2640,familia,isco3,1.581,3.562,5.159,3.097,3.323,4.057,-3.894,-2.32,A
261205,2622,direto,isco4,2.525,4.287,2.342,3.718,2.383,5.895,3.072,2.85,C
261210,2622,direto,isco4,2.525,4.287,2.342,3.718,2.383,5.895,3.072,2.85,C
261215,2622,familia,isco4,2.525,4.287,2.342,3.718,2.383,5.895,3.072,2.85,C
261305,2621,direto,isco4,3.018,3.262,2.442,3.282,2.59,5.911,3.612,4.839,C
261310,2621,direto,isco4,3.018,3.262,2.442,3.282,2.59,5.911,3.612,4.839,C
261405,2643,direto,isco4,2.301,3.534,3.966,3.232,1.861,4.814,0.657,-1.427,C
261410,2643,direto,isco4,2.301,3.534,3.966,3.232,1.861,4.814,0.657,-1.427,C
261415,2643,familia,isco4,2.301,3.534,3.966,3.232,1.861,4.814,0.657,-1.427,C
261420,2643,direto,isco4,2.301,3.534,3.966,3.232,1.861,4.814,0.657,-1.427,C
261425,2643,familia,isco4,2.301,3.534,3.966,3.232,1.861,4.814,0.657,-1.427,C
261430,2643,familia,isco4,2.301,3.534,3.966,3.232,1.861,4.814,0.657,-1.427,C
261505,2640,direto,isco3,1.581,3.562,5.159,3.097,3.323,4.057,-3.894,-2.32,A
261510,2640,direto,isco3,1.581,3.562,5.159,3.097,3.323,4.057,-3.894,-2.32,A
261515,2640,direto,isco3,1.581,3.562,5.159,3.097,3.323,4.057,-3.894,-2.32,A
261520,2640,familia,isco3,1.581,3.562,5.159,3.097,3.323,4.057,-3.894,-2.32,A
261525,2640,familia,isco3,1.581,3.562,5.159,3.097,3.323,4.057,-3.894,-2.32,A
261530,2640,direto,isco3,1.581,3.562,5.159,3.097,3.323,4.057,-3.894,-2.32,A
261605,2640,familia,isco3,1.581,3.562,5.159,3.097,3.323,4.057,-3.894,-2.32,A
261610,2640,direto,isco3,1.581,3.562,5.159,3.097,3.323,4.057,-3.894,-2.32,A
261615,2640,familia,isco3,1.581,3.562,5.159,3.097,3.323,4.057,-3.894,-2.32,A
261620,2640,familia,isco3,1.581,3.562,5.159,3.097,3.323,4.057,-3.894,-2.32,A
261625,2640,familia,isco3,1.581,3.562,5.159,3.097,3.323,4.057,-3.894,-2.32,A
261705,2656,familia,isco4,1.66,2.01,5.68,3.54,4.38,3.11,-8.7,-0.346,A
261710,2656,direto,isco4,1.66,2.01,5.68,3.54,4.38,3.11,-8.7,-0.346,A
261715,2640,direto,isco3,1.581,3.562,5.159,3.097,3.323,4.057,-3.894,-2.32,A
261730,2656,familia,isco4,1.66,2.01,5.68,3.54,4.38,3.11,-8.7,-0.346,A
261805,3521,direto,isco4,5.12,2.564,3.77,1.89,2.11,4.397,7.543,0.299,R
261810,3521,direto,isco4,5.12,2.564,3.77,1.89,2.11,4.397,7.543,0.299,R
261815,3521,direto,isco4,5.12,2.564,3.77,1.89,2.11,4.397,7.543,0.299,R
261820,3521,direto,isco4,5.12,2.564,3.77,1.89,2.11,4.397,7.543,0.299,R
261905,2654,manual,isco4,2.818,2.411,5.002,2.873,5.299,3.921,-4.078,3.127,E
261910,2654,manual,isco4,2.818,2.411,5.002,2.873,5.299,3.921,-4.078,3.127,E
262105,2655,direto,isco4,2.29,2.16,7.0,4.08,4.0,1.81,-10.61,-5.795,A
262110,2655,direto,isco4,2.29,2.16,7.0,4.08,4.0,1.81,-10.61,-5.795,A
262115,2655,direto,isco4,2.29,2.16,7.0,4.08,4.0,1.81,-10.61,-5.795,A
262120,2655,direto,isco4,2.29,2.16,7.0,4.08,4.0,1.81,-10.61,-5.795,A
262125,2655,familia,isco4,2.29,2.16,7.0,4.08,4.0,1.81,-10.61,-5.795,A
262130,2655,familia,isco4,2.29,2.16,7.0,4.08,4.0,1.81,-10.61,-5.795,A
262135,2655,familia,isco4,2.29,2.16,7.0,4.08,4.0,1.81,-10.61,-5.795,A
262205,2655,direto,isco4,2.29,2.16,7.0,4.08,4.0,1.81,-10.61,-5.795,A
262210,2655,familia,isco4,2.29,2.16,7.0,4.08,4.0,1.81,-10.61,-5.795,A
262215,2655,familia,isco4,2.29,2.16,7.0,4.08,4.0,1.81,-10.61,-5.795,A
262220,2655,direto,isco4,2.29,2.16,7.0,4.08,4.0,1.81,-10.61,-5.795,A
262225,2655,familia,isco4,2.29,2.16,7.0,4.08,4.0,1.81,-10.61,-5.795,A
262230,2655,familia,isco4,2.29,2.16,7.0,4.08,4.0,1.81,-10.61,-5.795,A
262235,2655,familia,isco4,2.29,2.16,7.0,4.08,4.0,1.81,-10.61,-5.795,A
262240,2655,familia,isco4,2.29,2.16,7.0,4.08,4.0,1.81,-10.61,-5.795,A
262245,2655,familia,isco4,2.29,2.16,7.0,4.08,4.0,1.81,-10.61,-5.795,A
262305,3432,manual,isco4,4.09,2.443,5.65,2.637,3.97,3.393,-0.877,-1.263,A
262310,3432,manual,isco4,4.09,2.443,5.65,2.637,3.97,3.393,-0.877,-1.263,A
262315,3432,manual,isco4,4.09,2.443,5.65,2.637,3.97,3.393,-0.877,-1.263,A
262320,3432,manual,isco4,4.09,2.443,5.65,2.637,3.97,3.393,-0.877,-1.263,A
262325,3432,manual,isco4,4.09,2.443,5.65,2.637,3.97,3.393,-0.877,-1.263,A
262330,3432,manual,isco4,4.09,2.443,5.65,2.637,3.97,3.393,-0.877,-1.263,A
262405,2651,familia,isco4,4.999,2.418,5.376,1.911,2.213,3.205,4.209,-4.11,A
262410,2651,direto,isco4,4.999,2.418,5.376,1.911,2.213,3.205,4.209,-4.11,A
262415,2651,familia,isco4,4.999,2.418,5.376,1.911,2.213,3.205,4.209,-4.11,A
262420,2651,familia,isco4,4.999,2.418,5.376,1.911,2.213,3.205,4.209,-4.11,A
262425,2651,familia,isco4,4.999,2.418,5.376,1.911,2.213,3.205,4.209,-4.11,A
262505,2655,direto,isco4,2.29,2.16,7.0,4.08,4.0,1.81,-10.61,-5.795,A
262605,2652,direto,isco4,2.299,2.066,6.903,3.146,4.42,2.499,-8.453,-3.546,A
262610,2652,direto,isco4,2.299,2.066,6.903,3.146,4.42,2.499,-8.453,-3.546,A
262615,2652,direto,isco4,2.299,2.066,6.903,3.146,4.42,2.499,-8.453,-3.546,A
262620,2652,familia,isco4,2.299,2.066,6.903,3.146,4.42,2.499,-8.453,-3.546,A
262705,2652,direto,isco4,2.299,2.066,6.903,3.146,4.42,2.499,-8.453,-3.546,A
262710,2652,familia,isco4,2.299,2.066,6.903,3.146,4.42,2.499,-8.453,-3.546,A
262805,2653,familia,isco4,3.93,2.022,6.848,3.882,3.623,2.0,-6.352,-5.618,A
262810,2653,direto,isco4,3.93,2.022,6.848,3.882,3.623,2.0,-6.352,-5.618,A
262815,2653,direto,isco4,3.93,2.022,6.848,3.882,3.623,2.0,-6.352,-5.618,A
262820,2653,familia,isco4,3.93,2.022,6.848,3.882,3.623,2.0,-6.352,-5.618,A
262825,2653,familia,isco4,3.93,2.022,6.848,3.882,3.623,2.0,-6.352,-5.618,A
262830,2653,familia,isco4,3.93,2.022,6.848,3.882,3.623,2.0,-6.352,-5.618,A
262905,3432,manual,isco4,4.09,2.443,5.65,2.637,3.97,3.393,-0.877,-1.263,A
263105,2636,direto,isco4,1.55,2.41,3.41,6.455,5.165,3.025,-12.95,4.1,S
263110,2636,direto,isco4,1.55,2.41,3.41,6.455,5.165,3.025,-12.95,4.1,S
263115,2636,direto,isco4,1.55,2.41,3.41,6.455,5.165,3.025,-12.95,4.1,S
271105,3434,manual,isco4,5.398,1.672,2.582,2.975,3.809,4.198,4.327,6.495,R
271110,3434,manual,isco4,5.398,1.672,2.582,2.975,3.809,4.198,4.327,6.495,R
300105,3115,manual,isco4,6.323,4.491,1.501,1.366,1.847,4.704,15.758,0.967,R
300110,3115,manual,isco4,6.323,4.491,1.501,1.366,1.847,4.704,15.758,0.967,R
300305,3114,direto,isco4,6.166,4.859,1.589,1.621,1.399,4.999,15.961,-0.088,R
301105,3116,direto,isco4,5.748,4.865,1.528,1.37,1.636,4.984,15.44,0.394,R
301110,3116,direto,isco4,5.748,4.865,1.528,1.37,1.636,4.984,15.44,0.394,R
301115,3116,direto,isco4,5.748,4.865,1.528,1.37,1.636,4.984,15.44,0.394,R
301205,3141,manual,isco4,5.56,5.847,1.36,2.182,1.471,5.068,14.841,-1.157,I
311105,3116,direto,isco4,5.748,4.865,1.528,1.37,1.636,4.984,15.44,0.394,R
311110,3116,direto,isco4,5.748,4.865,1.528,1.37,1.636,4.984,15.44,0.394,R
311115,3116,familia,isco4,5.748,4.865,1.528,1.37,1.636,4.984,15.44,0.394,R
311205,3116,direto,isco4,5.748,4.865,1.528,1.37,1.636,4.984,15.44,0.394,R
311305,3116,direto,isco4,5.748,4.865,1.528,1.37,1.636,4.984,15.44,0.394,R
311405,3116,manual,isco4,5.748,4.865,1.528,1.37,1.636,4.984,15.44,0.394,R
311410,3116,manual,isco4,5.748,4.865,1.528,1.37,1.636,4.984,15.44,0.394,R
311505,3111,familia,isco4,5.499,5.218,1.566,1.766,1.816,5.116,14.419,0.255,R
311510,3111,direto,isco4,5.499,5.218,1.566,1.766,1.816,5.116,14.419,0.255,R
311515,3116,direto,isco4,5.748,4.865,1.528,1.37,1.636,4.984,15.44,0.394,R
311520,3111,familia,isco4,5.499,5.218,1.566,1.766,1.816,5.116,14.419,0.255,R
311605,3116,direto,isco4,5.748,4.865,1.528,1.37,1.636,4.984,15.44,0.394,R
311610,3116,direto,isco4,5.748,4.865,1.528,1.37,1.636,4.984,15.44,0.394,R
311615,3116,direto,isco4,5.748,4.865,1.528,1.37,1.636,4.984,15.44,0.394,R
311620,3116,direto,isco4,5.748,4.865,1.528,1.37,1.636,4.984,15.44,0.394,R
311625,3116,direto,isco4,5.748,4.865,1.528,1.37,1.636,4.984,15.44,0.394,R
311705,8154,familia,isco4,6.77,2.07,1.27,1.27,1.21,4.18,14.77,3.546,R
311710,8154,direto,isco4,6.77,2.07,1.27,1.27,1.21,4.18,14.77,3.546,R
311715,8154,direto,isco4,6.77,2.07,1.27,1.27,1.21,4.18,14.77,3.546,R
311720,8154,familia,isco4,6.77,2.07,1.27,1.27,1.21,4.18,14.77,3.546,R
311725,8154,direto,isco4,6.77,2.07,1.27,1.27,1.21,4.18,14.77,3.546,R
312105,3112,direto,isco4,5.467,3.888,1.401,1.952,2.7,5.036,11.853,4.231,R
312205,3112,direto,isco4,5.467,3.888,1.401,1.952,2.7,5.036,11.853,4.231,R
312210,3112,direto,isco4,5.467,3.888,1.401,1.952,2.7,5.036,11.853,4.231,R
312305,3112,direto,isco4,5.467,3.888,1.401,1.952,2.7,5.036,11.853,4.231,R
312310,2165,familia,isco4,5.218,4.635,2.398,1.468,1.494,5.523,13.765,-0.029,C
312315,2165,direto,isco4,5.218,4.635,2.398,1.468,1.494,5.523,13.765,-0.029,C
312320,2165,direto,isco4,5.218,4.635,2.398,1.468,1.494,5.523,13.765,-0.029,C
313105,3113,direto,isco4,6.82,3.844,1.209,1.225,1.246,4.952,17.531,1.983,R
313110,3113,familia,isco4,6.82,3.844,1.209,1.225,1.246,4.952,17.531,1.983,R
313115,3113,familia,isco4,6.82,3.844,1.209,1.225,1.246,4.952,17.531,1.983,R
313120,3113,direto,isco4,6.82,3.844,1.209,1.225,1.246,4.952,17.531,1.983,R
313125,3113,direto,isco4,6.82,3.844,1.209,1.225,1.246,4.952,17.531,1.983,R
313130,3113,familia,isco4,6.82,3.844,1.209,1.225,1.246,4.952,17.531,1.983,R
313205,3114,direto,isco4,6.166,4.859,1.589,1.621,1.399,4.999,15.961,-0.088,R
313210,3114,direto,isco4,6.166,4.859,1.589,1.621,1.399,4.999,15.961,-0.088,R
313215,3114,direto,isco4,6.166,4.859,1.589,1.621,1.399,4.999,15.961,-0.088,R
313220,3114,familia,isco4,6.166,4.859,1.589,1.621,1.399,4.999,15.961,-0.088,R
313305,3114,familia,isco4,6.166,4.859,1.589,1.621,1.399,4.999,15.961,-0.088,R
313310,3114,familia,isco4,6.166,4.859,1.589,1.621,1.399,4.999,15.961,-0.088,R
313315,3114,direto,isco4,6.166,4.859,1.589,1.621,1.399,4.999,15.961,-0.088,R
313320,3114,direto,isco4,6.166,4.859,1.589,1.621,1.399,4.999,15.961,-0.088,R
313405,3114,familia,isco4,6.166,4.859,1.589,1.621,1.399,4.999,15.961,-0.088,R
313410,3114,familia,isco4,6.166,4.859,1.589,1.621,1.399,4.999,15.961,-0.088,R
313415,3114,direto,isco4,6.166,4.859,1.589,1.621,1.399,4.999,15.961,-0.088,R
313505,3114,manual,isco4,6.166,4.859,1.589,1.621,1.399,4.999,15.961,-0.088,R
314105,3115,familia,isco4,6.323,4.491,1.501,1.366,1.847,4.704,15.758,0.967,R
314110,3115,direto,isco4,6.323,4.491,1.501,1.366,1.847,4.704,15.758,0.967,R
314115,3115,direto,isco4,6.323,4.491,1.501,1.366,1.847,4.704,15.758,0.967,R
314120,3115,direto,isco4,6.323,4.491,1.501,1.366,1.847,4.704,15.758,0.967,R
314125,3115,direto,isco4,6.323,4.491,1.501,1.366,1.847,4.704,15.758,0.967,R
314205,3115,manual,isco4,6.323,4.491,1.501,1.366,1.847,4.704,15.758,0.967,R
314210,3115,manual,isco4,6.323,4.491,1.501,1.366,1.847,4.704,15.758,0.967,R
314305,3115,familia,isco4,6.323,4.491,1.501,1.366,1.847,4.704,15.758,0.967,R
314310,3115,direto,isco4,6.323,4.491,1.501,1.366,1.847,4.704,15.758,0.967,R
314315,3115,direto,isco4,6.323,4.491,1.501,1.366,1.847,4.704,15.758,0.967,R
314405,3115,manual,isco4,6.323,4.491,1.501,1.366,1.847,4.704,15.758,0.967,R
314410,3115,manual,isco4,6.323,4.491,1.501,1.366,1.847,4.704,15.758,0.967,R
314610,3115,manual,isco4,6.323,4.491,1.501,1.366,1.847,4.704,15.758,0.967,R
314615,3115,manual,isco4,6.323,4.491,1.501,1.366,1.847,4.704,15.758,0.967,R
314620,3115,manual,isco4,6.323,4.491,1.501,1.366,1.847,4.704,15.758,0.967,R
314625,3115,manual,isco4,6.323,4.491,1.501,1.366,1.847,4.704,15.758,0.967,R
314705,3117,direto,isco4,5.563,4.504,1.41,1.92,1.794,5.209,13.794,1.883,R
314710,3117,direto,isco4,5.563,4.504,1.41,1.92,1.794,5.209,13.794,1.883,R
314715,3117,direto,isco4,5.563,4.504,1.41,1.92,1.794,5.209,13.794,1.883,R
314720,3117,direto,isco4,5.563,4.504,1.41,1.92,1.794,5.209,13.794,1.883,R
314725,3117,direto,isco4,5.563,4.504,1.41,1.92,1.794,5.209,13.794,1.883,R
314730,3117,direto,isco4,5.563,4.504,1.41,1.92,1.794,5.209,13.794,1.883,R
314805,3119,manual,isco4,5.331,4.583,1.642,1.515,2.38,5.01,13.204,2.016,R
314810,3119,manual,isco4,5.331,4.583,1.642,1.515,2.38,5.01,13.204,2.016,R
314815,3119,manual,isco4,5.331,4.583,1.642,1.515,2.38,5.01,13.204,2.016,R
314825,3119,manual,isco4,5.331,4.583,1.642,1.515,2.38,5.01,13.204,2.016,R
314830,3119,manual,isco4,5.331,4.583,1.642,1.515,2.38,5.01,13.204,2.016,R
314835,3119,manual,isco4,5.331,4.583,1.642,1.515,2.38,5.01,13.204,2.016,R
314840,3119,manual,isco4,5.331,4.583,1.642,1.515,2.38,5.01,13.204,2.016,R
314845,3119,manual,isco4,5.331,4.583,1.642,1.515,2.38,5.01,13.204,2.016,R
316105,3111,familia,isco4,5.499,5.218,1.566,1.766,1.816,5.116,14.419,0.255,R
316110,3111,direto,isco4,5.499,5.218,1.566,1.766,1.816,5.116,14.419,0.255,R
316115,3111,familia,isco4,5.499,5.218,1.566,1.766,1.816,5.116,14.419,0.255,R
316120,3111,familia,isco4,5.499,5.218,1.566,1.766,1.816,5.116,14.419,0.255,R
316305,3117,direto,isco4,5.563,4.504,1.41,1.92,1.794,5.209,13.794,1.883,R
316310,3117,direto,isco4,5.563,4.504,1.41,1.92,1.794,5.209,13.794,1.883,R
316315,3117,familia,isco4,5.563,4.504,1.41,1.92,1.794,5.209,13.794,1.883,R
316320,3117,familia,isco4,5.563,4.504,1.41,1.92,1.794,5.209,13.794,1.883,R
316325,3117,familia,isco4,5.563,4.504,1.41,1.92,1.794,5.209,13.794,1.883,R
316330,3117,familia,isco4,5.563,4.504,1.41,1.92,1.794,5.209,13.794,1.883,R
316335,3117,direto,isco4,5.563,4.504,1.41,1.92,1.794,5.209,13.794,1.883,R
316340,3117,direto,isco4,5.563,4.504,1.41,1.92,1.794,5.209,13.794,1.883,R
317105,3510,familia,isco3,3.86,4.281,1.544,2.415,2.954,5.695,8.369,4.885,C
317110,3510,familia,isco3,3.86,4.281,1.544,2.415,2.954,5.695,8.369,4.885,C
317115,3510,direto,isco3,3.86,4.281,1.544,2.415,2.954,5.695,8.369,4.885,C
317120,3510,familia,isco3,3.86,4.281,1.544,2.415,2.954,5.695,8.369,4.885,C
317205,3511,direto,isco3,3.86,4.281,1.544,2.415,2.954,5.695,8.369,4.885,C
317210,3511,familia,isco3,3.86,4.281,1.544,2.415,2.954,5.695,8.369,4.885,C
318005,3118,direto,isco4,5.589,4.005,3.678,1.533,2.096,4.814,11.156,-1.337,R
318010,3118,direto,isco4,5.589,4.005,3.678,1.533,2.096,4.814,11.156,-1.337,R
318015,3118,direto,isco4,5.589,4.005,3.678,1.533,2.096,4.814,11.156,-1.337,R
318105,3118,direto,isco4,5.589,4.005,3.678,1.533,2.096,4.814,11.156,-1.337,R
318110,3118,direto,isco4,5.589,4.005,3.678,1.533,2.096,4.814,11.156,-1.337,R
318115,3118,direto,isco4,5.589,4.005,3.678,1.533,2.096,4.814,11.156,-1.337,R
318120,3118,direto,isco4,5.589,4.005,3.678,1.533,2.096,4.814,11.156,-1.337,R
318205,3118,direto,isco4,5.589,4.005,3.678,1.533,2.096,4.814,11.156,-1.337,R
318210,3118,direto,isco4,5.589,4.005,3.678,1.533,2.096,4.814,11.156,-1.337,R
318215,3118,direto,isco4,5.589,4.005,3.678,1.533,2.096,4.814,11.156,-1.337,R
318305,3118,direto,isco4,5.589,4.005,3.678,1.533,2.096,4.814,11.156,-1.337,R
318310,3118,direto,isco4,5.589,4.005,3.678,1.533,2.096,4.814,11.156,-1.337,R
318405,3118,direto,isco4,5.589,4.005,3.678,1.533,2.096,4.814,11.156,-1.337,R
318410,3118,direto,isco4,5.589,4.005,3.678,1.533,2.096,4.814,11.156,-1.337,R
318415,3118,direto,isco4,5.589,4.005,3.678,1.533,2.096,4.814,11.156,-1.337,R
318420,3118,direto,isco4,5.589,4.005,3.678,1.533,2.096,4.814,11.156,-1.337,R
318425,3118,direto,isco4,5.589,4.005,3.678,1.533,2.096,4.814,11.156,-1.337,R
318430,3118,direto,isco4,5.589,4.005,3.678,1.533,2.096,4.814,11.156,-1.337,R
318505,3118,manual,isco4,5.589,4.005,3.678,1.533,2.096,4.814,11.156,-1.337,R
318510,3118,manual,isco4,5.589,4.005,3.678,1.533,2.096,4.814,11.156,-1.337,R
318605,3118,manual,isco4,5.589,4.005,3.678,1.533,2.096,4.814,11.156,-1.337,R
318610,3118,manual,isco4,5.589,4.005,3.678,1.533,2.096,4.814,11.156,-1.337,R
318705,3118,manual,isco4,5.589,4.005,3.678,1.533,2.096,4.814,11.156,-1.337,R
318710,3118,manual,isco4,5.589,4.005,3.678,1.533,2.096,4.814,11.156,-1.337,R
318805,7532,familia,isco4,5.321,1.663,5.114,1.666,2.349,3.696,5.206,-1.265,R
318810,7532,direto,isco4,5.321,1.663,5.114,1.666,2.349,3.696,5.206,-1.265,R
318815,7532,direto,isco4,5.321,1.663,5.114,1.666,2.349,3.696,5.206,-1.265,R
319105,3119,manual,isco4,5.331,4.583,1.642,1.515,2.38,5.01,13.204,2.016,R
319110,3119,manual,isco4,5.331,4.583,1.642,1.515,2.38,5.01,13.204,2.016,R
319205,3119,manual,isco4,5.331,4.583,1.642,1.515,2.38,5.01,13.204,2.016,R
320105,3212,manual,isco4,5.797,5.96,1.235,2.697,1.344,4.912,14.493,-1.624,I
320110,3212,manual,isco4,5.797,5.96,1.235,2.697,1.344,4.912,14.493,-1.624,I
321105,3142,direto,isco4,5.375,3.857,1.153,2.038,3.762,4.845,10.463,6.224,R
321110,3142,direto,isco4,5.375,3.857,1.153,2.038,3.762,4.845,10.463,6.224,R
321205,3143,manual,isco4,5.933,3.66,1.09,2.795,3.917,4.585,9.512,6.492,R
321210,3143,manual,isco4,5.933,3.66,1.09,2.795,3.917,4.585,9.512,6.492,R
321305,3142,direto,isco4,5.375,3.857,1.153,2.038,3.762,4.845,10.463,6.224,R
321310,3142,familia,isco4,5.375,3.857,1.153,2.038,3.762,4.845,10.463,6.224,R
321315,3142,familia,isco4,5.375,3.857,1.153,2.038,3.762,4.845,10.463,6.224,R
321320,3142,familia,isco4,5.375,3.857,1.153,2.038,3.762,4.845,10.463,6.224,R
322110,3259,direto,isco4,4.469,4.458,1.622,5.03,2.084,4.07,3.701,0.128,S
322130,5140,direto,isco3,5.016,1.821,2.921,3.887,2.967,3.679,1.871,3.292,R
322135,3259,familia,isco4,4.469,4.458,1.622,5.03,2.084,4.07,3.701,0.128,S
322140,3259,familia,isco4,4.469,4.458,1.622,5.03,2.084,4.07,3.701,0.128,S
322205,3221,direto,isco3,3.98,3.54,1.91,6.04,2.7,3.26,-1.93,0.882,S
322210,3221,direto,isco3,3.98,3.54,1.91,6.04,2.7,3.26,-1.93,0.882,S
322215,3221,direto,isco3,3.98,3.54,1.91,6.04,2.7,3.26,-1.93,0.882,S
322220,3221,direto,isco3,3.98,3.54,1.91,6.04,2.7,3.26,-1.93,0.882,S
322225,3221,direto,isco3,3.98,3.54,1.91,6.04,2.7,3.26,-1.93,0.882,S
322230,3221,direto,isco3,3.98,3.54,1.91,6.04,2.7,3.26,-1.93,0.882,S
322235,3221,direto,isco3,3.98,3.54,1.91,6.04,2.7,3.26,-1.93,0.882,S
322240,3221,familia,isco3,3.98,3.54,1.91,6.04,2.7,3.26,-1.93,0.882,S
322245,3221,familia,isco3,3.98,3.54,1.91,6.04,2.7,3.26,-1.93,0.882,S
322250,3221,familia,isco3,3.98,3.54,1.91,6.04,2.7,3.26,-1.93,0.882,S
322255,3221,familia,isco3,3.98,3.54,1.91,6.04,2.7,3.26,-1.93,0.882,S
322305,3254,direto,isco4,5.338,3.916,1.602,3.378,2.122,4.306,8.418,1.574,R
322405,3251,direto,isco4,4.743,3.873,1.04,4.697,1.47,5.057,6.513,2.791,C
322410,3251,direto,isco4,4.743,3.873,1.04,4.697,1.47,5.057,6.513,2.791,C
322415,3251,familia,isco4,4.743,3.873,1.04,4.697,1.47,5.057,6.513,2.791,C
322420,3251,familia,isco4,4.743,3.873,1.04,4.697,1.47,5.057,6.513,2.791,C
322425,3251,familia,isco4,4.743,3.873,1.04,4.697,1.47,5.057,6.513,2.791,C
322430,3251,familia,isco4,4.743,3.873,1.04,4.697,1.47,5.057,6.513,2.791,C
322505,2264,direto,isco4,5.018,5.44,1.705,5.503,2.05,3.138,3.853,-3.385,S
322605,3214,manual,isco4,6.306,4.736,1.654,3.647,1.231,3.771,10.941,-2.402,R
322705,3259,direto,isco4,4.469,4.458,1.622,5.03,2.084,4.07,3.701,0.128,S
322710,3259,direto,isco4,4.469,4.458,1.622,5.03,2.084,4.07,3.701,0.128,S
322715,5140,direto,isco3,5.016,1.821,2.921,3.887,2.967,3.679,1.871,3.292,R
322720,3259,familia,isco4,4.469,4.458,1.622,5.03,2.084,4.07,3.701,0.128,S
322725,3259,familia,isco4,4.469,4.458,1.622,5.03,2.084,4.07,3.701,0.128,S
322730,3259,familia,isco4,4.469,4.458,1.622,5.03,2.084,4.07,3.701,0.128,S
322735,3259,familia,isco4,4.469,4.458,1.622,5.03,2.084,4.07,3.701,0.128,S
322740,3259,familia,isco4,4.469,4.458,1.622,5.03,2.084,4.07,3.701,0.128,S
322745,3259,familia,isco4,4.469,4.458,1.622,5.03,2.084,4.07,3.701,0.128,S
323105,3142,direto,isco4,5.375,3.857,1.153,2.038,3.762,4.845,10.463,6.224,R
324105,3211,direto,isco4,5.65,4.178,1.0,4.197,1.593,4.47,8.96,1.531,R
324110,3211,direto,isco4,5.65,4.178,1.0,4.197,1.593,4.47,8.96,1.531,R
324115,3211,direto,isco4,5.65,4.178,1.0,4.197,1.593,4.47,8.96,1.531,R
324120,3211,familia,isco4,5.65,4.178,1.0,4.197,1.593,4.47,8.96,1.531,R
324125,3211,familia,isco4,5.65,4.178,1.0,4.197,1.593,4.47,8.96,1.531,R
324130,3211,familia,isco4,5.65,4.178,1.0,4.197,1.593,4.47,8.96,1.531,R
324135,3211,familia,isco4,5.65,4.178,1.0,4.197,1.593,4.47,8.96,1.531,R
324140,3211,familia,isco4,5.65,4.178,1.0,4.197,1.593,4.47,8.96,1.531,R
324205,3212,direto,isco4,5.797,5.96,1.235,2.697,1.344,4.912,14.493,-1.624,I
324215,3212,familia,isco4,5.797,5.96,1.235,2.697,1.344,4.912,14.493,-1.624,I
324220,3212,familia,isco4,5.797,5.96,1.235,2.697,1.344,4.912,14.493,-1.624,I
325005,7515,manual,isco4,5.569,3.69,1.416,1.664,2.18,5.041,12.945,3.659,R
325010,7515,manual,isco4,5.569,3.69,1.416,1.664,2.18,5.041,12.945,3.659,R
325015,7515,manual,isco4,5.569,3.69,1.416,1.664,2.18,5.041,12.945,3.659,R
325105,3213,manual,isco4,3.593,3.41,1.16,3.77,2.993,6.117,5.02,7.854,C
325110,3213,manual,isco4,3.593,3.41,1.16,3.77,2.993,6.117,5.02,7.854,C
325115,3213,manual,isco4,3.593,3.41,1.16,3.77,2.993,6.117,5.02,7.854,C
325205,3119,direto,isco4,5.331,4.583,1.642,1.515,2.38,5.01,13.204,2.016,R
325210,3119,familia,isco4,5.331,4.583,1.642,1.515,2.38,5.01,13.204,2.016,R
325305,3141,manual,isco4,5.56,5.847,1.36,2.182,1.471,5.068,14.841,-1.157,I
325310,3141,manual,isco4,5.56,5.847,1.36,2.182,1.471,5.068,14.841,-1.157,I
328105,3212,direto,isco4,5.797,5.96,1.235,2.697,1.344,4.912,14.493,-1.624,I
328110,3212,direto,isco4,5.797,5.96,1.235,2.697,1.344,4.912,14.493,-1.624,I
331105,2342,manual,isco4,2.81,2.935,3.985,7.0,2.485,3.705,-8.21,-1.263,S
331110,5311,manual,isco4,3.467,1.72,2.914,5.73,2.614,3.766,-4.569,3.02,S
331205,2341,manual,isco4,2.79,3.055,3.925,7.0,2.53,3.695,-8.125,-1.306,S
331305,2320,manual,isco4,3.308,3.984,3.168,6.713,2.378,3.635,-4.737,-1.973,S
332105,2341,manual,isco4,2.79,3.055,3.925,7.0,2.53,3.695,-8.125,-1.306,S
332205,2320,manual,isco4,3.308,3.984,3.168,6.713,2.378,3.635,-4.737,-1.973,S
333105,5165,manual,isco3,5.817,2.652,1.526,3.556,2.259,3.601,6.991,2.91,R
333110,2359,manual,isco4,1.559,3.714,3.306,6.636,3.266,3.826,-9.187,0.126,S
333115,2359,manual,isco4,1.559,3.714,3.306,6.636,3.266,3.826,-9.187,0.126,S
334105,5312,manual,isco4,2.467,2.717,3.256,6.733,2.551,3.857,-7.764,0.752,S
334110,5312,manual,isco4,2.467,2.717,3.256,6.733,2.551,3.857,-7.764,0.752,S
334115,5312,manual,isco4,2.467,2.717,3.256,6.733,2.551,3.857,-7.764,0.752,S
341105,3153,direto,isco4,5.059,3.216,1.331,2.315,3.495,4.71,8.588,6.329,R
341110,3153,familia,isco4,5.059,3.216,1.331,2.315,3.495,4.71,8.588,6.329,R
341115,3153,direto,isco4,5.059,3.216,1.331,2.315,3.495,4.71,8.588,6.329,R
341120,3153,familia,isco4,5.059,3.216,1.331,2.315,3.495,4.71,8.588,6.329,R
341205,3152,familia,isco4,6.066,2.583,1.015,1.734,3.639,4.297,10.891,7.506,R
341210,3152,familia,isco4,6.066,2.583,1.015,1.734,3.639,4.297,10.891,7.506,R
341215,3152,familia,isco4,6.066,2.583,1.015,1.734,3.639,4.297,10.891,7.506,R
341220,3152,direto,isco4,6.066,2.583,1.015,1.734,3.639,4.297,10.891,7.506,R
341225,3152,direto,isco4,6.066,2.583,1.015,1.734,3.639,4.297,10.891,7.506,R
341230,3152,familia,isco4,6.066,2.583,1.015,1.734,3.639,4.297,10.891,7.506,R
341235,3152,familia,isco4,6.066,2.583,1.015,1.734,3.639,4.297,10.891,7.506,R
341240,3152,familia,isco4,6.066,2.583,1.015,1.734,3.639,4.297,10.891,7.506,R
341245,3152,familia,isco4,6.066,2.583,1.015,1.734,3.639,4.297,10.891,7.506,R
341250,3152,familia,isco4,6.066,2.583,1.015,1.734,3.639,4.297,10.891,7.506,R
341305,3151,manual,isco4,5.873,4.867,1.893,1.508,3.052,4.643,13.295,1.618,R
341310,3151,manual,isco4,5.873,4.867,1.893,1.508,3.052,4.643,13.295,1.618,R
341315,3151,manual,isco4,5.873,4.867,1.893,1.508,3.052,4.643,13.295,1.618,R
341320,3151,manual,isco4,5.873,4.867,1.893,1.508,3.052,4.643,13.295,1.618,R
341325,3151,manual,isco4,5.873,4.867,1.893,1.508,3.052,4.643,13.295,1.618,R
342105,3331,manual,isco4,2.494,1.636,1.0,2.174,4.927,6.067,2.416,14.46,C
342110,3331,manual,isco4,2.494,1.636,1.0,2.174,4.927,6.067,2.416,14.46,C
342115,3331,manual,isco4,2.494,1.636,1.0,2.174,4.927,6.067,2.416,14.46,C
342120,3331,manual,isco4,2.494,1.636,1.0,2.174,4.927,6.067,2.416,14.46,C
342125,3331,manual,isco4,2.494,1.636,1.0,2.174,4.927,6.067,2.416,14.46,C
342205,3331,familia,isco4,2.494,1.636,1.0,2.174,4.927,6.067,2.416,14.46,C
342210,3331,direto,isco4,2.494,1.636,1.0,2.174,4.927,6.067,2.416,14.46,C
342215,3331,familia,isco4,2.494,1.636,1.0,2.174,4.927,6.067,2.416,14.46,C
342305,4323,direto,isco4,4.627,2.318,1.121,2.129,3.577,5.377,7.991,9.541,C
342310,4323,direto,isco4,4.627,2.318,1.121,2.129,3.577,5.377,7.991,9.541,C
342315,4323,familia,isco4,4.627,2.318,1.121,2.129,3.577,5.377,7.991,9.541,C
342405,5112,direto,isco4,3.986,1.554,1.0,3.18,4.444,5.148,2.87,12.176,C
342410,5112,familia,isco4,3.986,1.554,1.0,3.18,4.444,5.148,2.87,12.176,C
342505,3154,direto,isco4,4.707,2.84,1.0,2.473,4.069,5.087,7.327,9.196,C
342510,3154,familia,isco4,4.707,2.84,1.0,2.473,4.069,5.087,7.327,9.196,C
342515,3154,direto,isco4,4.707,2.84,1.0,2.473,4.069,5.087,7.327,9.196,C
342530,3154,familia,isco4,4.707,2.84,1.0,2.473,4.069,5.087,7.327,9.196,C
342535,3154,familia,isco4,4.707,2.84,1.0,2.473,4.069,5.087,7.327,9.196,C
342540,3154,familia,isco4,4.707,2.84,1.0,2.473,4.069,5.087,7.327,9.196,C
342545,3154,familia,isco4,4.707,2.84,1.0,2.473,4.069,5.087,7.327,9.196,C
342550,3154,familia,isco4,4.707,2.84,1.0,2.473,4.069,5.087,7.327,9.196,C
342555,3154,familia,isco4,4.707,2.84,1.0,2.473,4.069,5.087,7.327,9.196,C
342560,3154,familia,isco4,4.707,2.84,1.0,2.473,4.069,5.087,7.327,9.196,C
342605,1324,manual,isco4,3.51,2.582,1.023,2.408,5.993,5.697,3.468,13.986,E
342610,1324,manual,isco4,3.51,2.582,1.023,2.408,5.993,5.697,3.468,13.986,E
351105,3313,direto,isco4,2.012,2.222,1.016,1.61,3.026,7.0,5.984,11.743,C
351110,3343,direto,isco4,1.65,2.165,2.128,3.627,4.651,5.829,-2.739,10.704,C
351115,3313,familia,isco4,2.012,2.222,1.016,1.61,3.026,7.0,5.984,11.743,C
351305,3314,direto,isco4,2.165,4.998,1.225,1.75,2.158,6.58,9.025,4.351,C
351310,3314,direto,isco4,2.165,4.998,1.225,1.75,2.158,6.58,9.025,4.351,C
351315,3314,familia,isco4,2.165,4.998,1.225,1.75,2.158,6.58,9.025,4.351,C
351405,3411,familia,isco4,2.872,3.218,1.455,3.217,4.147,5.311,2.238,8.28,C
351410,3411,direto,isco4,2.872,3.218,1.455,3.217,4.147,5.311,2.238,8.28,C
351415,3411,familia,isco4,2.872,3.218,1.455,3.217,4.147,5.311,2.238,8.28,C
351420,3411,familia,isco4,2.872,3.218,1.455,3.217,4.147,5.311,2.238,8.28,C
351425,3411,direto,isco4,2.872,3.218,1.455,3.217,4.147,5.311,2.238,8.28,C
351430,3411,direto,isco4,2.872,3.218,1.455,3.217,4.147,5.311,2.238,8.28,C
351435,3411,familia,isco4,2.872,3.218,1.455,3.217,4.147,5.311,2.238,8.28,C
351440,3411,familia,isco4,2.872,3.218,1.455,3.217,4.147,5.311,2.238,8.28,C
351505,4120,direto,isco4,1.75,2.31,1.225,3.712,4.32,6.68,-0.48,12.914,C
351510,4131,direto,isco4,2.413,2.257,1.61,2.04,2.32,6.817,5.89,9.117,C
351515,4120,familia,isco4,1.75,2.31,1.225,3.712,4.32,6.68,-0.48,12.914,C
351605,3119,direto,isco4,5.331,4.583,1.642,1.515,2.38,5.01,13.204,2.016,R
351610,3119,familia,isco4,5.331,4.583,1.642,1.515,2.38,5.01,13.204,2.016,R
351705,3321,direto,isco4,1.602,3.763,1.088,2.867,4.617,5.932,1.46,9.855,C
351710,3321,familia,isco4,1.602,3.763,1.088,2.867,4.617,5.932,1.46,9.855,C
351715,3321,direto,isco4,1.602,3.763,1.088,2.867,4.617,5.932,1.46,9.855,C
351720,3321,direto,isco4,1.602,3.763,1.088,2.867,4.617,5.932,1.46,9.855,C
351725,3321,direto,isco4,1.602,3.763,1.088,2.867,4.617,5.932,1.46,9.855,C
351730,3321,direto,isco4,1.602,3.763,1.088,2.867,4.617,5.932,1.46,9.855,C
351735,3321,familia,isco4,1.602,3.763,1.088,2.867,4.617,5.932,1.46,9.855,C
351740,3321,direto,isco4,1.602,3.763,1.088,2.867,4.617,5.932,1.46,9.855,C
351805,3355,direto,isco4,4.375,4.028,1.335,2.692,3.725,4.982,7.315,5.785,C
351810,3355,direto,isco4,4.375,4.028,1.335,2.692,3.725,4.982,7.315,5.785,C
351815,3355,direto,isco4,4.375,4.028,1.335,2.692,3.725,4.982,7.315,5.785,C
351905,3355,manual,isco4,4.375,4.028,1.335,2.692,3.725,4.982,7.315,5.785,C
351910,3355,manual,isco4,4.375,4.028,1.335,2.692,3.725,4.982,7.315,5.785,C
352205,3354,direto,isco4,2.51,3.07,1.0,2.97,4.08,6.33,3.4,10.968,C
352210,3257,direto,isco4,4.906,4.76,1.099,2.488,2.947,5.359,10.909,4.233,C
352305,3359,direto,isco4,5.526,3.428,1.04,2.038,3.08,5.372,11.656,6.893,R
352310,3359,familia,isco4,5.526,3.428,1.04,2.038,3.08,5.372,11.656,6.893,R
352315,3359,familia,isco4,5.526,3.428,1.04,2.038,3.08,5.372,11.656,6.893,R
352320,3359,familia,isco4,5.526,3.428,1.04,2.038,3.08,5.372,11.656,6.893,R
352405,3339,manual,isco4,1.651,2.125,2.795,3.891,6.123,4.695,-6.577,10.203,E
352410,3339,manual,isco4,1.651,2.125,2.795,3.891,6.123,4.695,-6.577,10.203,E
352420,3339,manual,isco4,1.651,2.125,2.795,3.891,6.123,4.695,-6.577,10.203,E
353205,4312,familia,isco4,1.876,1.916,1.008,2.327,4.148,6.77,2.628,13.83,C
353210,4312,familia,isco4,1.876,1.916,1.008,2.327,4.148,6.77,2.628,13.83,C
353215,4312,familia,isco4,1.876,1.916,1.008,2.327,4.148,6.77,2.628,13.83,C
353220,4312,familia,isco4,1.876,1.916,1.008,2.327,4.148,6.77,2.628,13.83,C
353225,4312,familia,isco4,1.876,1.916,1.008,2.327,4.148,6.77,2.628,13.83,C
353230,4312,direto,isco4,1.876,1.916,1.008,2.327,4.148,6.77,2.628,13.83,C
353235,4312,familia,isco4,1.876,1.916,1.008,2.327,4.148,6.77,2.628,13.83,C
354120,3322,direto,isco4,2.027,2.323,1.472,3.302,6.19,4.95,-2.938,12.707,E
354125,3322,direto,isco4,2.027,2.323,1.472,3.302,6.19,4.95,-2.938,12.707,E
354130,3322,familia,isco4,2.027,2.323,1.472,3.302,6.19,4.95,-2.938,12.707,E
354135,3322,familia,isco4,2.027,2.323,1.472,3.302,6.19,4.95,-2.938,12.707,E
354140,3322,familia,isco4,2.027,2.323,1.472,3.302,6.19,4.95,-2.938,12.707,E
354145,3322,direto,isco4,2.027,2.323,1.472,3.302,6.19,4.95,-2.938,12.707,E
354150,3322,familia,isco4,2.027,2.323,1.472,3.302,6.19,4.95,-2.938,12.707,E
354205,3323,direto,isco4,3.65,1.784,1.088,1.803,4.63,5.966,5.725,13.362,C
354210,3323,direto,isco4,3.65,1.784,1.088,1.803,4.63,5.966,5.725,13.362,C
354305,2400,direto,isco2,1.855,3.734,2.118,3.148,5.125,5.055,-1.041,7.487,E
354405,3315,direto,isco4,2.967,3.085,1.562,2.103,4.295,5.876,4.832,9.555,C
354410,3315,direto,isco4,2.967,3.085,1.562,2.103,4.295,5.876,4.832,9.555,C
354415,3315,direto,isco4,2.967,3.085,1.562,2.103,4.295,5.876,4.832,9.555,C
354505,3321,direto,isco4,1.602,3.763,1.088,2.867,4.617,5.932,1.46,9.855,C
354605,3334,direto,isco4,2.791,1.831,1.453,3.317,6.058,5.459,-1.273,14.243,E
354610,3334,familia,isco4,2.791,1.831,1.453,3.317,6.058,5.459,-1.273,14.243,E
354705,3324,direto,isco4,2.633,2.472,1.567,2.828,5.857,5.012,-0.328,11.815,E
354805,4221,familia,isco4,2.304,1.645,1.96,4.602,4.567,4.849,-4.629,10.053,C
354810,4221,familia,isco4,2.304,1.645,1.96,4.602,4.567,4.849,-4.629,10.053,C
354815,4221,direto,isco4,2.304,1.645,1.96,4.602,4.567,4.849,-4.629,10.053,C
354820,4221,familia,isco4,2.304,1.645,1.96,4.602,4.567,4.849,-4.629,10.053,C
354825,4221,familia,isco4,2.304,1.645,1.96,4.602,4.567,4.849,-4.629,10.053,C
371105,3343,direto,isco4,1.65,2.165,2.128,3.627,4.651,5.829,-2.739,10.704,C
371110,3343,familia,isco4,1.65,2.165,2.128,3.627,4.651,5.829,-2.739,10.704,C
371205,3433,manual,isco4,2.465,3.56,2.16,3.265,2.423,6.357,3.735,5.294,C
371210,3433,manual,isco4,2.465,3.56,2.16,3.265,2.423,6.357,3.735,5.294,C
371305,3119,direto,isco4,5.331,4.583,1.642,1.515,2.38,5.01,13.204,2.016,R
371310,3119,direto,isco4,5.331,4.583,1.642,1.515,2.38,5.01,13.204,2.016,R
371405,3423,manual,isco4,3.955,2.717,2.642,5.506,3.804,3.571,-3.259,3.489,S
371410,3423,manual,isco4,3.955,2.717,2.642,5.506,3.804,3.571,-3.259,3.489,S
371415,3423,manual,isco4,3.955,2.717,2.642,5.506,3.804,3.571,-3.259,3.489,S
372105,3521,direto,isco4,5.12,2.564,3.77,1.89,2.11,4.397,7.543,0.299,R
372110,3521,familia,isco4,5.12,2.564,3.77,1.89,2.11,4.397,7.543,0.299,R
372115,3521,direto,isco4,5.12,2.564,3.77,1.89,2.11,4.397,7.543,0.299,R
372205,3521,direto,isco4,5.12,2.564,3.77,1.89,2.11,4.397,7.543,0.299,R
372210,3521,direto,isco4,5.12,2.564,3.77,1.89,2.11,4.397,7.543,0.299,R
373105,3521,manual,isco4,5.12,2.564,3.77,1.89,2.11,4.397,7.543,0.299,R
373130,3521,manual,isco4,5.12,2.564,3.77,1.89,2.11,4.397,7.543,0.299,R
373135,3521,manual,isco4,5.12,2.564,3.77,1.89,2.11,4.397,7.543,0.299,R
373140,3521,manual,isco4,5.12,2.564,3.77,1.89,2.11,4.397,7.543,0.299,R
373145,3521,manual,isco4,5.12,2.564,3.77,1.89,2.11,4.397,7.543,0.299,R
373205,3521,manual,isco4,5.12,2.564,3.77,1.89,2.11,4.397,7.543,0.299,R
373220,3521,manual,isco4,5.12,2.564,3.77,1.89,2.11,4.397,7.543,0.299,R
373225,3521,manual,isco4,5.12,2.564,3.77,1.89,2.11,4.397,7.543,0.299,R
373230,3521,manual,isco4,5.12,2.564,3.77,1.89,2.11,4.397,7.543,0.299,R
374105,3521,direto,isco4,5.12,2.564,3.77,1.89,2.11,4.397,7.543,0.299,R
374110,3521,familia,isco4,5.12,2.564,3.77,1.89,2.11,4.397,7.543,0.299,R
374115,3521,familia,isco4,5.12,2.564,3.77,1.89,2.11,4.397,7.543,0.299,R
374120,3521,familia,isco4,5.12,2.564,3.77,1.89,2.11,4.397,7.543,0.299,R
374125,3521,familia,isco4,5.12,2.564,3.77,1.89,2.11,4.397,7.543,0.299,R
374130,3521,familia,isco4,5.12,2.564,3.77,1.89,2.11,4.397,7.543,0.299,R
374135,3521,familia,isco4,5.12,2.564,3.77,1.89,2.11,4.397,7.543,0.299,R
374140,3521,familia,isco4,5.12,2.564,3.77,1.89,2.11,4.397,7.543,0.299,R
374145,3521,familia,isco4,5.12,2.564,3.77,1.89,2.11,4.397,7.543,0.299,R
374150,3521,familia,isco4,5.12,2.564,3.77,1.89,2.11,4.397,7.543,0.299,R
374155,3521,familia,isco4,5.12,2.564,3.77,1.89,2.11,4.397,7.543,0.299,R
374205,3521,familia,isco4,5.12,2.564,3.77,1.89,2.11,4.397,7.543,0.299,R
374210,3521,direto,isco4,5.12,2.564,3.77,1.89,2.11,4.397,7.543,0.299,R
374215,3521,familia,isco4,5.12,2.564,3.77,1.89,2.11,4.397,7.543,0.299,R
374305,3521,direto,isco4,5.12,2.564,3.77,1.89,2.11,4.397,7.543,0.299,R
374310,3521,familia,isco4,5.12,2.564,3.77,1.89,2.11,4.397,7.543,0.299,R
374405,3521,familia,isco4,5.12,2.564,3.77,1.89,2.11,4.397,7.543,0.299,R
374410,3521,familia,isco4,5.12,2.564,3.77,1.89,2.11,4.397,7.543,0.299,R
374415,3521,familia,isco4,5.12,2.564,3.77,1.89,2.11,4.397,7.543,0.299,R
374420,3521,direto,isco4,5.12,2.564,3.77,1.89,2.11,4.397,7.543,0.299,R
374425,3521,familia,isco4,5.12,2.564,3.77,1.89,2.11,4.397,7.543,0.299,R
375105,3432,familia,isco4,4.09,2.443,5.65,2.637,3.97,3.393,-0.877,-1.263,A
375110,3432,direto,isco4,4.09,2.443,5.65,2.637,3.97,3.393,-0.877,-1.263,A
375115,3432,familia,isco4,4.09,2.443,5.65,2.637,3.97,3.393,-0.877,-1.263,A
375120,3432,familia,isco4,4.09,2.443,5.65,2.637,3.97,3.393,-0.877,-1.263,A
375125,3432,familia,isco4,4.09,2.443,5.65,2.637,3.97,3.393,-0.877,-1.263,A
375130,3432,familia,isco4,4.09,2.443,5.65,2.637,3.97,3.393,-0.877,-1.263,A
376105,2653,manual,isco4,3.93,2.022,6.848,3.882,3.623,2.0,-6.352,-5.618,A
376110,2653,manual,isco4,3.93,2.022,6.848,3.882,3.623,2.0,-6.352,-5.618,A
376205,2659,direto,isco4,3.201,1.874,5.602,3.948,3.945,2.477,-6.692,-1.822,A
376210,2659,familia,isco4,3.201,1.874,5.602,3.948,3.945,2.477,-6.692,-1.822,A
376215,2659,familia,isco4,3.201,1.874,5.602,3.948,3.945,2.477,-6.692,-1.822,A
376220,2659,familia,isco4,3.201,1.874,5.602,3.948,3.945,2.477,-6.692,-1.822,A
376225,2659,familia,isco4,3.201,1.874,5.602,3.948,3.945,2.477,-6.692,-1.822,A
376230,2659,familia,isco4,3.201,1.874,5.602,3.948,3.945,2.477,-6.692,-1.822,A
376235,2659,direto,isco4,3.201,1.874,5.602,3.948,3.945,2.477,-6.692,-1.822,A
376240,2659,familia,isco4,3.201,1.874,5.602,3.948,3.945,2.477,-6.692,-1.822,A
376245,2659,direto,isco4,3.201,1.874,5.602,3.948,3.945,2.477,-6.692,-1.822,A
376250,2659,familia,isco4,3.201,1.874,5.602,3.948,3.945,2.477,-6.692,-1.822,A
376255,2659,direto,isco4,3.201,1.874,5.602,3.948,3.945,2.477,-6.692,-1.822,A
376305,2656,manual,isco4,1.66,2.01,5.68,3.54,4.38,3.11,-8.7,-0.346,A
376310,2656,manual,isco4,1.66,2.01,5.68,3.54,4.38,3.11,-8.7,-0.346,A
376315,2656,manual,isco4,1.66,2.01,5.68,3.54,4.38,3.11,-8.7,-0.346,A
376320,2656,manual,isco4,1.66,2.01,5.68,3.54,4.38,3.11,-8.7,-0.346,A
376325,2656,manual,isco4,1.66,2.01,5.68,3.54,4.38,3.11,-8.7,-0.346,A
376330,2656,manual,isco4,1.66,2.01,5.68,3.54,4.38,3.11,-8.7,-0.346,A
376405,5241,familia,isco4,5.01,1.09,6.91,2.49,3.71,2.26,-2.23,-3.512,A
376410,5241,direto,isco4,5.01,1.09,6.91,2.49,3.71,2.26,-2.23,-3.512,A
376415,5241,familia,isco4,5.01,1.09,6.91,2.49,3.71,2.26,-2.23,-3.512,A
377105,3420,familia,isco3,4.111,2.578,2.66,5.39,4.0,3.507,-3.133,3.926,S
377110,3420,direto,isco3,4.111,2.578,2.66,5.39,4.0,3.507,-3.133,3.926,S
377115,3420,familia,isco3,4.111,2.578,2.66,5.39,4.0,3.507,-3.133,3.926,S
377120,3420,familia,isco3,4.111,2.578,2.66,5.39,4.0,3.507,-3.133,3.926,S
377125,3420,familia,isco3,4.111,2.578,2.66,5.39,4.0,3.507,-3.133,3.926,S
377130,3420,direto,isco3,4.111,2.578,2.66,5.39,4.0,3.507,-3.133,3.926,S
377135,3420,direto,isco3,4.111,2.578,2.66,5.39,4.0,3.507,-3.133,3.926,S
377140,3420,familia,isco3,4.111,2.578,2.66,5.39,4.0,3.507,-3.133,3.926,S
377145,3420,direto,isco3,4.111,2.578,2.66,5.39,4.0,3.507,-3.133,3.926,S
377205,3420,direto,isco3,4.111,2.578,2.66,5.39,4.0,3.507,-3.133,3.926,S
377210,3420,familia,isco3,4.111,2.578,2.66,5.39,4.0,3.507,-3.133,3.926,S
377215,3420,familia,isco3,4.111,2.578,2.66,5.39,4.0,3.507,-3.133,3.926,S
377220,3420,familia,isco3,4.111,2.578,2.66,5.39,4.0,3.507,-3.133,3.926,S
377225,3420,familia,isco3,4.111,2.578,2.66,5.39,4.0,3.507,-3.133,3.926,S
377230,3420,familia,isco3,4.111,2.578,2.66,5.39,4.0,3.507,-3.133,3.926,S
377235,3420,familia,isco3,4.111,2.578,2.66,5.39,4.0,3.507,-3.133,3.926,S
377240,3420,familia,isco3,4.111,2.578,2.66,5.39,4.0,3.507,-3.133,3.926,S
377245,3420,familia,isco3,4.111,2.578,2.66,5.39,4.0,3.507,-3.133,3.926,S
391105,3119,direto,isco4,5.331,4.583,1.642,1.515,2.38,5.01,13.204,2.016,R
391110,3119,direto,isco4,5.331,4.583,1.642,1.515,2.38,5.01,13.204,2.016,R
391115,3119,direto,isco4,5.331,4.583,1.642,1.515,2.38,5.01,13.204,2.016,R
391120,3119,direto,isco4,5.331,4.583,1.642,1.515,2.38,5.01,13.204,2.016,R
391125,3119,direto,isco4,5.331,4.583,1.642,1.515,2.38,5.01,13.204,2.016,R
391130,3119,familia,isco4,5.331,4.583,1.642,1.515,2.38,5.01,13.204,2.016,R
391135,3119,direto,isco4,5.331,4.583,1.642,1.515,2.38,5.01,13.204,2.016,R
391140,3119,familia,isco4,5.331,4.583,1.642,1.515,2.38,5.01,13.204,2.016,R
391145,3119,familia,isco4,5.331,4.583,1.642,1.515,2.38,5.01,13.204,2.016,R
391205,3110,direto,isco3,5.755,4.456,1.758,1.623,2.039,4.958,13.88,1.354,R
391210,3110,familia,isco3,5.755,4.456,1.758,1.623,2.039,4.958,13.88,1.354,R
391215,3110,direto,isco3,5.755,4.456,1.758,1.623,2.039,4.958,13.88,1.354,R
391220,3110,direto,isco3,5.755,4.456,1.758,1.623,2.039,4.958,13.88,1.354,R
391225,3110,direto,isco3,5.755,4.456,1.758,1.623,2.039,4.958,13.88,1.354,R
391230,3110,familia,isco3,5.755,4.456,1.758,1.623,2.039,4.958,13.88,1.354,R
395105,3119,manual,isco4,5.331,4.583,1.642,1.515,2.38,5.01,13.204,2.016,R
395110,3119,manual,isco4,5.331,4.583,1.642,1.515,2.38,5.01,13.204,2.016,R
410105,3341,manual,isco4,1.856,2.248,1.166,3.688,5.885,5.679,-2.788,14.099,E
410205,4321,direto,isco4,4.63,1.552,1.074,1.683,3.254,6.234,9.351,11.872,C
410210,4312,direto,isco4,1.876,1.916,1.008,2.327,4.148,6.77,2.628,13.83,C
410215,4312,direto,isco4,1.876,1.916,1.008,2.327,4.148,6.77,2.628,13.83,C
410220,4321,direto,isco4,4.63,1.552,1.074,1.683,3.254,6.234,9.351,11.872,C
410225,4312,direto,isco4,1.876,1.916,1.008,2.327,4.148,6.77,2.628,13.83,C
410230,4312,direto,isco4,1.876,1.916,1.008,2.327,4.148,6.77,2.628,13.83,C
410235,4312,direto,isco4,1.876,1.916,1.008,2.327,4.148,6.77,2.628,13.83,C
410240,4312,familia,isco4,1.876,1.916,1.008,2.327,4.148,6.77,2.628,13.83,C
411005,4311,direto,isco4,2.277,1.443,1.0,2.185,3.633,6.992,3.987,14.156,C
411010,4311,direto,isco4,2.277,1.443,1.0,2.185,3.633,6.992,3.987,14.156,C
411015,4311,familia,isco4,2.277,1.443,1.0,2.185,3.633,6.992,3.987,14.156,C
411020,4311,familia,isco4,2.277,1.443,1.0,2.185,3.633,6.992,3.987,14.156,C
411025,4311,familia,isco4,2.277,1.443,1.0,2.185,3.633,6.992,3.987,14.156,C
411030,4311,direto,isco4,2.277,1.443,1.0,2.185,3.633,6.992,3.987,14.156,C
411035,4312,direto,isco4,1.876,1.916,1.008,2.327,4.148,6.77,2.628,13.83,C
411040,4311,direto,isco4,2.277,1.443,1.0,2.185,3.633,6.992,3.987,14.156,C
411045,4311,direto,isco4,2.277,1.443,1.0,2.185,3.633,6.992,3.987,14.156,C
411050,4311,familia,isco4,2.277,1.443,1.0,2.185,3.633,6.992,3.987,14.156,C
411055,4311,familia,isco4,2.277,1.443,1.0,2.185,3.633,6.992,3.987,14.156,C
412105,4131,direto,isco4,2.413,2.257,1.61,2.04,2.32,6.817,5.89,9.117,C
412110,4132,direto,isco4,2.96,2.125,1.63,1.71,1.765,6.795,8.025,8.313,C
412115,4131,direto,isco4,2.413,2.257,1.61,2.04,2.32,6.817,5.89,9.117,C
412120,4131,familia,isco4,2.413,2.257,1.61,2.04,2.32,6.817,5.89,9.117,C
412205,4419,direto,isco4,2.073,1.913,1.19,3.123,3.603,6.883,1.903,12.773,C
413105,4311,direto,isco4,2.277,1.443,1.0,2.185,3.633,6.992,3.987,14.156,C
413110,4311,direto,isco4,2.277,1.443,1.0,2.185,3.633,6.992,3.987,14.156,C
413115,4311,familia,isco4,2.277,1.443,1.0,2.185,3.633,6.992,3.987,14.156,C
413205,4312,familia,isco4,1.876,1.916,1.008,2.327,4.148,6.77,2.628,13.83,C
413210,4312,direto,isco4,1.876,1.916,1.008,2.327,4.148,6.77,2.628,13.83,C
413215,4312,direto,isco4,1.876,1.916,1.008,2.327,4.148,6.77,2.628,13.83,C
413220,4312,familia,isco4,1.876,1.916,1.008,2.327,4.148,6.77,2.628,13.83,C
413225,4312,direto,isco4,1.876,1.916,1.008,2.327,4.148,6.77,2.628,13.83,C
413230,4312,direto,isco4,1.876,1.916,1.008,2.327,4.148,6.77,2.628,13.83,C
414105,4321,direto,isco4,4.63,1.552,1.074,1.683,3.254,6.234,9.351,11.872,C
414110,4321,direto,isco4,4.63,1.552,1.074,1.683,3.254,6.234,9.351,11.872,C
414115,4321,direto,isco4,4.63,1.552,1.074,1.683,3.254,6.234,9.351,11.872,C
414120,4321,familia,isco4,4.63,1.552,1.074,1.683,3.254,6.234,9.351,11.872,C
414125,4321,familia,isco4,4.63,1.552,1.074,1.683,3.254,6.234,9.351,11.872,C
414135,4321,familia,isco4,4.63,1.552,1.074,1.683,3.254,6.234,9.351,11.872,C
414140,4321,familia,isco4,4.63,1.552,1.074,1.683,3.254,6.234,9.351,11.872,C
414205,4322,direto,isco4,3.12,1.2,1.14,2.11,4.91,5.92,3.09,14.688,C
414210,4322,direto,isco4,3.12,1.2,1.14,2.11,4.91,5.92,3.09,14.688,C
414215,4322,familia,isco4,3.12,1.2,1.14,2.11,4.91,5.92,3.09,14.688,C
415105,4410,direto,isco3,2.675,1.805,1.304,2.872,2.881,6.511,3.738,10.868,C
415115,4413,direto,isco4,1.44,2.5,3.56,2.2,1.53,6.16,2.05,2.82,C
415120,4410,direto,isco3,2.675,1.805,1.304,2.872,2.881,6.511,3.738,10.868,C
415125,4410,direto,isco3,2.675,1.805,1.304,2.872,2.881,6.511,3.738,10.868,C
415130,4410,direto,isco3,2.675,1.805,1.304,2.872,2.881,6.511,3.738,10.868,C
415205,4412,direto,isco4,4.04,1.122,1.0,2.436,2.496,5.996,6.83,11.02,C
415210,4412,familia,isco4,4.04,1.122,1.0,2.436,2.496,5.996,6.83,11.02,C
415215,4412,familia,isco4,4.04,1.122,1.0,2.436,2.496,5.996,6.83,11.02,C
415305,3252,manual,isco4,2.608,4.026,1.193,3.552,2.07,6.477,5.354,5.758,C
415310,3252,manual,isco4,2.608,4.026,1.193,3.552,2.07,6.477,5.354,5.758,C
420105,3341,manual,isco4,1.856,2.248,1.166,3.688,5.885,5.679,-2.788,14.099,E
420110,3341,manual,isco4,1.856,2.248,1.166,3.688,5.885,5.679,-2.788,14.099,E
420115,3341,manual,isco4,1.856,2.248,1.166,3.688,5.885,5.679,-2.788,14.099,E
420120,3341,manual,isco4,1.856,2.248,1.166,3.688,5.885,5.679,-2.788,14.099,E
420125,3341,manual,isco4,1.856,2.248,1.166,3.688,5.885,5.679,-2.788,14.099,E
420130,3341,manual,isco4,1.856,2.248,1.166,3.688,5.885,5.679,-2.788,14.099,E
420135,3341,manual,isco4,1.856,2.248,1.166,3.688,5.885,5.679,-2.788,14.099,E
421105,5230,direto,isco4,2.84,1.0,1.158,3.338,3.94,5.814,0.72,13.141,C
421110,5230,familia,isco4,2.84,1.0,1.158,3.338,3.94,5.814,0.72,13.141,C
421115,5230,direto,isco4,2.84,1.0,1.158,3.338,3.94,5.814,0.72,13.141,C
421120,5230,direto,isco4,2.84,1.0,1.158,3.338,3.94,5.814,0.72,13.141,C
421125,5230,direto,isco4,2.84,1.0,1.158,3.338,3.94,5.814,0.72,13.141,C
421205,4212,direto,isco4,3.249,1.134,1.05,2.587,5.168,5.738,1.978,15.089,C
421210,4212,direto,isco4,3.249,1.134,1.05,2.587,5.168,5.738,1.978,15.089,C
421305,4214,manual,isco4,2.08,1.0,1.0,3.26,4.36,7.0,0.28,16.193,C
421310,4214,manual,isco4,2.08,1.0,1.0,3.26,4.36,7.0,0.28,16.193,C
421315,4214,manual,isco4,2.08,1.0,1.0,3.26,4.36,7.0,0.28,16.193,C
422105,4220,direto,isco3,2.506,1.886,1.481,3.954,4.005,5.582,-0.915,10.762,C
422110,4220,direto,isco3,2.506,1.886,1.481,3.954,4.005,5.582,-0.915,10.762,C
422115,4220,direto,isco3,2.506,1.886,1.481,3.954,4.005,5.582,-0.915,10.762,C
422120,4220,direto,isco3,2.506,1.886,1.481,3.954,4.005,5.582,-0.915,10.762,C
422125,4220,direto,isco3,2.506,1.886,1.481,3.954,4.005,5.582,-0.915,10.762,C
422130,4220,familia,isco3,2.506,1.886,1.481,3.954,4.005,5.582,-0.915,10.762,C
422205,4223,direto,isco4,3.73,1.813,1.0,3.537,3.133,5.893,3.96,10.749,C
422210,4223,familia,isco4,3.73,1.813,1.0,3.537,3.133,5.893,3.96,10.749,C
422220,4223,familia,isco4,3.73,1.813,1.0,3.537,3.133,5.893,3.96,10.749,C
422305,5244,familia,isco4,2.91,1.207,1.08,3.523,3.957,5.743,0.687,12.825,C
422310,5244,familia,isco4,2.91,1.207,1.08,3.523,3.957,5.743,0.687,12.825,C
422315,5244,direto,isco4,2.91,1.207,1.08,3.523,3.957,5.743,0.687,12.825,C
422320,5244,familia,isco4,2.91,1.207,1.08,3.523,3.957,5.743,0.687,12.825,C
422330,5244,familia,isco4,2.91,1.207,1.08,3.523,3.957,5.743,0.687,12.825,C
422335,5244,familia,isco4,2.91,1.207,1.08,3.523,3.957,5.743,0.687,12.825,C
423105,3339,manual,isco4,1.651,2.125,2.795,3.891,6.123,4.695,-6.577,10.203,E
423110,3339,manual,isco4,1.651,2.125,2.795,3.891,6.123,4.695,-6.577,10.203,E
423115,3339,manual,isco4,1.651,2.125,2.795,3.891,6.123,4.695,-6.577,10.203,E
424105,3314,familia,isco4,2.165,4.998,1.225,1.75,2.158,6.58,9.025,4.351,C
424110,3314,familia,isco4,2.165,4.998,1.225,1.75,2.158,6.58,9.025,4.351,C
424115,3314,familia,isco4,2.165,4.998,1.225,1.75,2.158,6.58,9.025,4.351,C
424120,3314,familia,isco4,2.165,4.998,1.225,1.75,2.158,6.58,9.025,4.351,C
424125,3314,direto,isco4,2.165,4.998,1.225,1.75,2.158,6.58,9.025,4.351,C
424130,3314,familia,isco4,2.165,4.998,1.225,1.75,2.158,6.58,9.025,4.351,C
424205,4419,manual,isco4,2.073,1.913,1.19,3.123,3.603,6.883,1.903,12.773,C
424210,4419,manual,isco4,2.073,1.913,1.19,3.123,3.603,6.883,1.903,12.773,C
510105,5130,familia,isco3,4.546,1.233,1.933,3.998,4.092,4.428,0.732,9.262,R
510110,5153,direto,isco4,6.82,1.61,1.067,1.99,1.623,4.463,13.043,5.899,R
510115,5152,direto,isco4,4.303,1.16,1.273,3.477,4.46,5.057,2.137,12.254,C
510120,5414,direto,isco4,5.065,2.852,1.116,2.685,3.961,5.164,7.698,8.921,C
510130,5130,direto,isco3,4.546,1.233,1.933,3.998,4.092,4.428,0.732,9.262,R
510135,5130,direto,isco3,4.546,1.233,1.933,3.998,4.092,4.428,0.732,9.262,R
510205,5151,manual,isco4,4.14,1.38,1.0,3.63,5.7,5.35,1.05,14.999,E
510305,5411,manual,isco4,6.49,2.92,1.31,3.39,3.01,3.47,8.27,3.893,R
510310,5414,manual,isco4,5.065,2.852,1.116,2.685,3.961,5.164,7.698,8.921,C
511105,5111,direto,isco4,3.756,1.534,1.12,4.249,3.707,4.519,0.24,9.638,C
511110,5111,direto,isco4,3.756,1.534,1.12,4.249,3.707,4.519,0.24,9.638,C
511115,5111,familia,isco4,3.756,1.534,1.12,4.249,3.707,4.519,0.24,9.638,C
511205,5112,direto,isco4,3.986,1.554,1.0,3.18,4.444,5.148,2.87,12.176,C
511210,5112,direto,isco4,3.986,1.554,1.0,3.18,4.444,5.148,2.87,12.176,C
511215,5112,direto,isco4,3.986,1.554,1.0,3.18,4.444,5.148,2.87,12.176,C
511220,5112,direto,isco4,3.986,1.554,1.0,3.18,4.444,5.148,2.87,12.176,C
511405,5113,manual,isco4,3.533,3.003,3.385,5.105,3.742,3.285,-3.982,1.104,S
511505,5113,manual,isco4,3.533,3.003,3.385,5.105,3.742,3.285,-3.982,1.104,S
511510,5113,manual,isco4,3.533,3.003,3.385,5.105,3.742,3.285,-3.982,1.104,S
511515,5113,manual,isco4,3.533,3.003,3.385,5.105,3.742,3.285,-3.982,1.104,S
512105,9111,direto,isco4,6.405,1.075,1.195,2.3,1.57,4.605,11.125,6.756,R
512110,9111,familia,isco4,6.405,1.075,1.195,2.3,1.57,4.605,11.125,6.756,R
512115,9111,familia,isco4,6.405,1.075,1.195,2.3,1.57,4.605,11.125,6.756,R
512120,9111,familia,isco4,6.405,1.075,1.195,2.3,1.57,4.605,11.125,6.756,R
513105,5152,direto,isco4,4.303,1.16,1.273,3.477,4.46,5.057,2.137,12.254,C
513110,5152,familia,isco4,4.303,1.16,1.273,3.477,4.46,5.057,2.137,12.254,C
513115,5152,direto,isco4,4.303,1.16,1.273,3.477,4.46,5.057,2.137,12.254,C
513205,5120,direto,isco4,5.439,1.666,2.556,3.162,3.823,4.133,3.972,6.462,R
513210,5120,direto,isco4,5.439,1.666,2.556,3.162,3.823,4.133,3.972,6.462,R
513215,5120,familia,isco4,5.439,1.666,2.556,3.162,3.823,4.133,3.972,6.462,R
513220,5120,direto,isco4,5.439,1.666,2.556,3.162,3.823,4.133,3.972,6.462,R
513225,5120,direto,isco4,5.439,1.666,2.556,3.162,3.823,4.133,3.972,6.462,R
513305,5130,familia,isco3,4.546,1.233,1.933,3.998,4.092,4.428,0.732,9.262,R
513310,5130,familia,isco3,4.546,1.233,1.933,3.998,4.092,4.428,0.732,9.262,R
513315,5130,direto,isco3,4.546,1.233,1.933,3.998,4.092,4.428,0.732,9.262,R
513320,5130,direto,isco3,4.546,1.233,1.933,3.998,4.092,4.428,0.732,9.262,R
513325,5130,direto,isco3,4.546,1.233,1.933,3.998,4.092,4.428,0.732,9.262,R
513405,5130,direto,isco3,4.546,1.233,1.933,3.998,4.092,4.428,0.732,9.262,R
513410,5130,direto,isco3,4.546,1.233,1.933,3.998,4.092,4.428,0.732,9.262,R
513415,5130,familia,isco3,4.546,1.233,1.933,3.998,4.092,4.428,0.732,9.262,R
513420,5130,direto,isco3,4.546,1.233,1.933,3.998,4.092,4.428,0.732,9.262,R
513425,5130,direto,isco3,4.546,1.233,1.933,3.998,4.092,4.428,0.732,9.262,R
513430,5130,direto,isco3,4.546,1.233,1.933,3.998,4.092,4.428,0.732,9.262,R
513435,5130,direto,isco3,4.546,1.233,1.933,3.998,4.092,4.428,0.732,9.262,R
513440,5130,familia,isco3,4.546,1.233,1.933,3.998,4.092,4.428,0.732,9.262,R
513505,9412,manual,isco4,6.7,1.175,1.45,2.27,1.835,4.315,11.065,6.098,R
513510,9412,manual,isco4,6.7,1.175,1.45,2.27,1.835,4.315,11.065,6.098,R
513605,5120,manual,isco4,5.439,1.666,2.556,3.162,3.823,4.133,3.972,6.462,R
513610,5120,manual,isco4,5.439,1.666,2.556,3.162,3.823,4.133,3.972,6.462,R
513615,5120,manual,isco4,5.439,1.666,2.556,3.162,3.823,4.133,3.972,6.462,R
514105,5153,direto,isco4,6.82,1.61,1.067,1.99,1.623,4.463,13.043,5.899,R
514110,5153,direto,isco4,6.82,1.61,1.067,1.99,1.623,4.463,13.043,5.899,R
514115,5153,direto,isco4,6.82,1.61,1.067,1.99,1.623,4.463,13.043,5.899,R
514120,5153,direto,isco4,6.82,1.61,1.067,1.99,1.623,4.463,13.043,5.899,R
514205,9610,direto,isco3,6.64,1.935,1.0,1.285,1.475,4.46,14.63,5.19,R
514215,9613,direto,isco3,6.64,1.935,1.0,1.285,1.475,4.46,14.63,5.19,R
514225,9112,direto,isco4,6.753,1.171,1.331,1.736,1.354,4.197,12.717,5.274,R
514230,9610,familia,isco3,6.64,1.935,1.0,1.285,1.475,4.46,14.63,5.19,R
514305,9112,direto,isco4,6.753,1.171,1.331,1.736,1.354,4.197,12.717,5.274,R
514310,9112,familia,isco4,6.753,1.171,1.331,1.736,1.354,4.197,12.717,5.274,R
514315,7133,direto,isco4,6.91,2.097,1.0,1.69,1.35,4.443,14.63,4.665,R
514320,9112,direto,isco4,6.753,1.171,1.331,1.736,1.354,4.197,12.717,5.274,R
514325,7133,direto,isco4,6.91,2.097,1.0,1.69,1.35,4.443,14.63,4.665,R
514330,9112,familia,isco4,6.753,1.171,1.331,1.736,1.354,4.197,12.717,5.274,R
514335,9112,familia,isco4,6.753,1.171,1.331,1.736,1.354,4.197,12.717,5.274,R
515105,5320,familia,isco3,4.754,3.326,1.22,5.132,1.769,4.409,3.989,2.821,S
515110,5320,direto,isco3,4.754,3.326,1.22,5.132,1.769,4.409,3.989,2.821,S
515115,5320,familia,isco3,4.754,3.326,1.22,5.132,1.769,4.409,3.989,2.821,S
515120,5320,direto,isco3,4.754,3.326,1.22,5.132,1.769,4.409,3.989,2.821,S
515125,5320,familia,isco3,4.754,3.326,1.22,5.132,1.769,4.409,3.989,2.821,S
515130,5320,familia,isco3,4.754,3.326,1.22,5.132,1.769,4.409,3.989,2.821,S
515135,5320,familia,isco3,4.754,3.326,1.22,5.132,1.769,4.409,3.989,2.821,S
515140,5320,familia,isco3,4.754,3.326,1.22,5.132,1.769,4.409,3.989,2.821,S
515205,5320,direto,isco3,4.754,3.326,1.22,5.132,1.769,4.409,3.989,2.821,S
515210,5320,familia,isco3,4.754,3.326,1.22,5.132,1.769,4.409,3.989,2.821,S
515215,5320,direto,isco3,4.754,3.326,1.22,5.132,1.769,4.409,3.989,2.821,S
515220,5320,familia,isco3,4.754,3.326,1.22,5.132,1.769,4.409,3.989,2.821,S
515225,5320,familia,isco3,4.754,3.326,1.22,5.132,1.769,4.409,3.989,2.821,S
515305,3412,manual,isco4,2.86,3.03,2.143,6.254,2.649,3.835,-4.716,2.268,S
515310,3412,manual,isco4,2.86,3.03,2.143,6.254,2.649,3.835,-4.716,2.268,S
515315,3412,manual,isco4,2.86,3.03,2.143,6.254,2.649,3.835,-4.716,2.268,S
515320,3412,manual,isco4,2.86,3.03,2.143,6.254,2.649,3.835,-4.716,2.268,S
515325,3412,manual,isco4,2.86,3.03,2.143,6.254,2.649,3.835,-4.716,2.268,S
515330,3412,manual,isco4,2.86,3.03,2.143,6.254,2.649,3.835,-4.716,2.268,S
515335,3412,manual,isco4,2.86,3.03,2.143,6.254,2.649,3.835,-4.716,2.268,S
516105,5140,direto,isco3,5.016,1.821,2.921,3.887,2.967,3.679,1.871,3.292,R
516110,5140,direto,isco3,5.016,1.821,2.921,3.887,2.967,3.679,1.871,3.292,R
516120,5140,direto,isco3,5.016,1.821,2.921,3.887,2.967,3.679,1.871,3.292,R
516125,5140,direto,isco3,5.016,1.821,2.921,3.887,2.967,3.679,1.871,3.292,R
516130,5140,direto,isco3,5.016,1.821,2.921,3.887,2.967,3.679,1.871,3.292,R
516145,5140,familia,isco3,5.016,1.821,2.921,3.887,2.967,3.679,1.871,3.292,R
516150,5140,familia,isco3,5.016,1.821,2.921,3.887,2.967,3.679,1.871,3.292,R
516155,5140,familia,isco3,5.016,1.821,2.921,3.887,2.967,3.679,1.871,3.292,R
516160,5140,familia,isco3,5.016,1.821,2.921,3.887,2.967,3.679,1.871,3.292,R
516165,5140,familia,isco3,5.016,1.821,2.921,3.887,2.967,3.679,1.871,3.292,R
516205,5311,direto,isco4,3.467,1.72,2.914,5.73,2.614,3.766,-4.569,3.02,S
516210,5311,familia,isco4,3.467,1.72,2.914,5.73,2.614,3.766,-4.569,3.02,S
516215,5311,direto,isco4,3.467,1.72,2.914,5.73,2.614,3.766,-4.569,3.02,S
516220,5311,familia,isco4,3.467,1.72,2.914,5.73,2.614,3.766,-4.569,3.02,S
516305,8154,direto,isco4,6.77,2.07,1.27,1.27,1.21,4.18,14.77,3.546,R
516310,8154,direto,isco4,6.77,2.07,1.27,1.27,1.21,4.18,14.77,3.546,R
516315,8154,direto,isco4,6.77,2.07,1.27,1.27,1.21,4.18,14.77,3.546,R
516320,8154,direto,isco4,6.77,2.07,1.27,1.27,1.21,4.18,14.77,3.546,R
516325,8154,direto,isco4,6.77,2.07,1.27,1.27,1.21,4.18,14.77,3.546,R
516330,8154,direto,isco4,6.77,2.07,1.27,1.27,1.21,4.18,14.77,3.546,R
516335,8154,familia,isco4,6.77,2.07,1.27,1.27,1.21,4.18,14.77,3.546,R
516340,8154,familia,isco4,6.77,2.07,1.27,1.27,1.21,4.18,14.77,3.546,R
516345,8154,familia,isco4,6.77,2.07,1.27,1.27,1.21,4.18,14.77,3.546,R
516405,9121,familia,isco4,6.38,1.46,2.31,1.15,1.0,3.5,12.11,1.263,R
516410,9121,direto,isco4,6.38,1.46,2.31,1.15,1.0,3.5,12.11,1.263,R
516415,9121,direto,isco4,6.38,1.46,2.31,1.15,1.0,3.5,12.11,1.263,R
516505,5163,direto,isco4,4.622,1.894,1.706,3.764,3.77,4.356,2.49,7.83,R
516605,9312,familia,isco4,7.0,2.046,1.084,1.417,1.277,3.676,14.527,3.155,R
516610,9312,direto,isco4,7.0,2.046,1.084,1.417,1.277,3.676,14.527,3.155,R
516705,5161,direto,isco3,5.817,2.652,1.526,3.556,2.259,3.601,6.991,2.91,R
516710,5161,familia,isco3,5.817,2.652,1.526,3.556,2.259,3.601,6.991,2.91,R
516805,5161,manual,isco3,5.817,2.652,1.526,3.556,2.259,3.601,6.991,2.91,R
516810,5161,manual,isco3,5.817,2.652,1.526,3.556,2.259,3.601,6.991,2.91,R
516815,5161,manual,isco3,5.817,2.652,1.526,3.556,2.259,3.601,6.991,2.91,R
516905,5142,manual,isco4,4.787,2.117,3.193,3.997,2.911,3.667,1.258,2.192,R
516910,5142,manual,isco4,4.787,2.117,3.193,3.997,2.911,3.667,1.258,2.192,R
516915,5142,manual,isco4,4.787,2.117,3.193,3.997,2.911,3.667,1.258,2.192,R
517105,5411,direto,isco4,6.49,2.92,1.31,3.39,3.01,3.47,8.27,3.893,R
517110,5411,direto,isco4,6.49,2.92,1.31,3.39,3.01,3.47,8.27,3.893,R
517115,5419,direto,isco4,6.004,2.131,1.031,3.274,3.329,4.295,7.526,7.718,R
517120,5411,familia,isco4,6.49,2.92,1.31,3.39,3.01,3.47,8.27,3.893,R
517125,5411,familia,isco4,6.49,2.92,1.31,3.39,3.01,3.47,8.27,3.893,R
517130,5411,familia,isco4,6.49,2.92,1.31,3.39,3.01,3.47,8.27,3.893,R
517205,5412,direto,isco4,4.64,2.98,1.163,2.943,3.787,4.913,6.337,7.883,C
517210,5412,direto,isco4,4.64,2.98,1.163,2.943,3.787,4.913,6.337,7.883,C
517215,5412,familia,isco4,4.64,2.98,1.163,2.943,3.787,4.913,6.337,7.883,C
517220,5412,direto,isco4,4.64,2.98,1.163,2.943,3.787,4.913,6.337,7.883,C
517225,5412,familia,isco4,4.64,2.98,1.163,2.943,3.787,4.913,6.337,7.883,C
517230,5413,direto,isco4,4.337,2.273,1.417,4.427,3.413,4.6,1.863,7.479,C
517235,5412,familia,isco4,4.64,2.98,1.163,2.943,3.787,4.913,6.337,7.883,C
517305,5419,direto,isco4,6.004,2.131,1.031,3.274,3.329,4.295,7.526,7.718,R
517310,5419,familia,isco4,6.004,2.131,1.031,3.274,3.329,4.295,7.526,7.718,R
517320,5419,direto,isco4,6.004,2.131,1.031,3.274,3.329,4.295,7.526,7.718,R
517325,5419,familia,isco4,6.004,2.131,1.031,3.274,3.329,4.295,7.526,7.718,R
517330,5419,direto,isco4,6.004,2.131,1.031,3.274,3.329,4.295,7.526,7.718,R
517405,5414,direto,isco4,5.065,2.852,1.116,2.685,3.961,5.164,7.698,8.921,C
517410,5414,direto,isco4,5.065,2.852,1.116,2.685,3.961,5.164,7.698,8.921,C
517415,5414,direto,isco4,5.065,2.852,1.116,2.685,3.961,5.164,7.698,8.921,C
517420,5414,direto,isco4,5.065,2.852,1.116,2.685,3.961,5.164,7.698,8.921,C
517425,5414,familia,isco4,5.065,2.852,1.116,2.685,3.961,5.164,7.698,8.921,C
519105,8321,familia,isco4,4.905,1.035,1.0,2.695,3.265,4.87,6.06,10.553,R
519110,8321,direto,isco4,4.905,1.035,1.0,2.695,3.265,4.87,6.06,10.553,R
519115,8321,familia,isco4,4.905,1.035,1.0,2.695,3.265,4.87,6.06,10.553,R
519205,9612,manual,isco4,6.64,1.935,1.0,1.285,1.475,4.46,14.63,5.19,R
519210,9612,manual,isco4,6.64,1.935,1.0,1.285,1.475,4.46,14.63,5.19,R
519215,9612,manual,isco4,6.64,1.935,1.0,1.285,1.475,4.46,14.63,5.19,R
519305,5164,manual,isco4,6.362,2.966,1.457,3.288,1.757,3.372,9.274,1.22,R
519310,5164,manual,isco4,6.362,2.966,1.457,3.288,1.757,3.372,9.274,1.22,R
519315,5164,manual,isco4,6.362,2.966,1.457,3.288,1.757,3.372,9.274,1.22,R
519320,5164,manual,isco4,6.362,2.966,1.457,3.288,1.757,3.372,9.274,1.22,R
519325,5164,manual,isco4,6.362,2.966,1.457,3.288,1.757,3.372,9.274,1.22,R
519330,5164,manual,isco4,6.362,2.966,1.457,3.288,1.757,3.372,9.274,1.22,R
519805,5169,manual,isco4,3.19,1.0,1.73,5.24,4.44,4.09,-5.18,10.034,S
519905,9510,direto,isco4,3.56,1.0,2.04,2.79,5.52,4.7,-0.32,12.421,E
519910,9510,familia,isco4,3.56,1.0,2.04,2.79,5.52,4.7,-0.32,12.421,E
519915,9510,direto,isco4,3.56,1.0,2.04,2.79,5.52,4.7,-0.32,12.421,E
519920,9510,familia,isco4,3.56,1.0,2.04,2.79,5.52,4.7,-0.32,12.421,E
519925,5414,direto,isco4,5.065,2.852,1.116,2.685,3.961,5.164,7.698,8.921,C
519930,9510,familia,isco4,3.56,1.0,2.04,2.79,5.52,4.7,-0.32,12.421,E
519935,9120,direto,isco3,6.73,1.633,1.29,1.842,1.532,3.865,12.453,4.279,R
519940,9623,direto,isco4,5.495,2.17,1.0,1.685,1.585,6.14,13.345,7.88,C
519945,4220,direto,isco3,2.506,1.886,1.481,3.954,4.005,5.582,-0.915,10.762,C
520105,5222,manual,isco4,2.245,1.125,1.0,3.86,7.0,5.46,-4.645,17.88,E
520110,5222,manual,isco4,2.245,1.125,1.0,3.86,7.0,5.46,-4.645,17.88,E
521105,5223,direto,isco4,3.516,1.121,1.914,2.843,5.684,5.194,0.061,13.567,E
521110,5223,direto,isco4,3.516,1.121,1.914,2.843,5.684,5.194,0.061,13.567,E
521115,5223,direto,isco4,3.516,1.121,1.914,2.843,5.684,5.194,0.061,13.567,E
521120,5223,direto,isco4,3.516,1.121,1.914,2.843,5.684,5.194,0.061,13.567,E
521125,5223,familia,isco4,3.516,1.121,1.914,2.843,5.684,5.194,0.061,13.567,E
521130,5223,direto,isco4,3.516,1.121,1.914,2.843,5.684,5.194,0.061,13.567,E
521135,5223,direto,isco4,3.516,1.121,1.914,2.843,5.684,5.194,0.061,13.567,E
521140,5223,familia,isco4,3.516,1.121,1.914,2.843,5.684,5.194,0.061,13.567,E
523105,7233,familia,isco4,6.957,2.884,1.068,1.094,1.301,4.171,16.41,2.63,R
523110,7233,familia,isco4,6.957,2.884,1.068,1.094,1.301,4.171,16.41,2.63,R
523115,7233,direto,isco4,6.957,2.884,1.068,1.094,1.301,4.171,16.41,2.63,R
523120,7233,familia,isco4,6.957,2.884,1.068,1.094,1.301,4.171,16.41,2.63,R
523125,7233,familia,isco4,6.957,2.884,1.068,1.094,1.301,4.171,16.41,2.63,R
524105,5244,direto,isco4,2.91,1.207,1.08,3.523,3.957,5.743,0.687,12.825,C
524205,5212,direto,isco4,4.195,1.0,1.745,3.135,4.485,4.83,1.72,11.366,C
524210,9520,direto,isco4,3.4,1.445,2.675,3.025,5.45,4.13,-1.8,9.446,E
524215,5212,familia,isco4,4.195,1.0,1.745,3.135,4.485,4.83,1.72,11.366,C
524305,9520,direto,isco4,3.4,1.445,2.675,3.025,5.45,4.13,-1.8,9.446,E
524310,5212,direto,isco4,4.195,1.0,1.745,3.135,4.485,4.83,1.72,11.366,C
524315,9520,familia,isco4,3.4,1.445,2.675,3.025,5.45,4.13,-1.8,9.446,E
611005,6130,direto,isco4,5.283,2.57,1.04,2.717,5.683,4.573,5.553,11.499,E
612005,6114,direto,isco4,5.345,2.485,1.03,2.76,5.765,4.595,5.455,11.842,E
612105,6111,manual,isco4,5.53,2.23,1.0,2.89,6.01,4.66,5.16,12.871,E
612110,6111,manual,isco4,5.53,2.23,1.0,2.89,6.01,4.66,5.16,12.871,E
612115,6111,manual,isco4,5.53,2.23,1.0,2.89,6.01,4.66,5.16,12.871,E
612120,6111,manual,isco4,5.53,2.23,1.0,2.89,6.01,4.66,5.16,12.871,E
612125,6111,manual,isco4,5.53,2.23,1.0,2.89,6.01,4.66,5.16,12.871,E
612205,6111,familia,isco4,5.53,2.23,1.0,2.89,6.01,4.66,5.16,12.871,E
612210,6111,familia,isco4,5.53,2.23,1.0,2.89,6.01,4.66,5.16,12.871,E
612215,6111,direto,isco4,5.53,2.23,1.0,2.89,6.01,4.66,5.16,12.871,E
612220,6111,familia,isco4,5.53,2.23,1.0,2.89,6.01,4.66,5.16,12.871,E
612225,6111,familia,isco4,5.53,2.23,1.0,2.89,6.01,4.66,5.16,12.871,E
612305,6111,manual,isco4,5.53,2.23,1.0,2.89,6.01,4.66,5.16,12.871,E
612310,6111,manual,isco4,5.53,2.23,1.0,2.89,6.01,4.66,5.16,12.871,E
612315,6111,manual,isco4,5.53,2.23,1.0,2.89,6.01,4.66,5.16,12.871,E
612320,6111,manual,isco4,5.53,2.23,1.0,2.89,6.01,4.66,5.16,12.871,E
612405,6113,manual,isco4,5.923,2.209,1.681,2.233,3.652,4.045,8.301,6.586,R
612410,6113,manual,isco4,5.923,2.209,1.681,2.233,3.652,4.045,8.301,6.586,R
612415,6113,manual,isco4,5.923,2.209,1.681,2.233,3.652,4.045,8.301,6.586,R
612420,6113,manual,isco4,5.923,2.209,1.681,2.233,3.652,4.045,8.301,6.586,R
612505,6112,direto,isco4,5.904,2.693,1.089,2.161,3.729,4.237,9.599,7.239,R
612510,6112,familia,isco4,5.904,2.693,1.089,2.161,3.729,4.237,9.599,7.239,R
612515,6112,familia,isco4,5.904,2.693,1.089,2.161,3.729,4.237,9.599,7.239,R
612605,6112,manual,isco4,5.904,2.693,1.089,2.161,3.729,4.237,9.599,7.239,R
612610,6112,manual,isco4,5.904,2.693,1.089,2.161,3.729,4.237,9.599,7.239,R
612615,6112,manual,isco4,5.904,2.693,1.089,2.161,3.729,4.237,9.599,7.239,R
612620,6112,manual,isco4,5.904,2.693,1.089,2.161,3.729,4.237,9.599,7.239,R
612625,6112,manual,isco4,5.904,2.693,1.089,2.161,3.729,4.237,9.599,7.239,R
612705,6111,manual,isco4,5.53,2.23,1.0,2.89,6.01,4.66,5.16,12.871,E
612710,6111,manual,isco4,5.53,2.23,1.0,2.89,6.01,4.66,5.16,12.871,E
612715,6111,manual,isco4,5.53,2.23,1.0,2.89,6.01,4.66,5.16,12.871,E
612720,6111,manual,isco4,5.53,2.23,1.0,2.89,6.01,4.66,5.16,12.871,E
612725,6111,manual,isco4,5.53,2.23,1.0,2.89,6.01,4.66,5.16,12.871,E
612730,6111,manual,isco4,5.53,2.23,1.0,2.89,6.01,4.66,5.16,12.871,E
612735,6111,manual,isco4,5.53,2.23,1.0,2.89,6.01,4.66,5.16,12.871,E
612740,6111,manual,isco4,5.53,2.23,1.0,2.89,6.01,4.66,5.16,12.871,E
612805,6112,manual,isco4,5.904,2.693,1.089,2.161,3.729,4.237,9.599,7.239,R
612810,6112,manual,isco4,5.904,2.693,1.089,2.161,3.729,4.237,9.599,7.239,R
613005,6121,direto,isco4,6.301,3.127,1.381,2.47,2.561,3.644,10.491,2.936,R
613010,6121,direto,isco4,6.301,3.127,1.381,2.47,2.561,3.644,10.491,2.936,R
613105,6121,familia,isco4,6.301,3.127,1.381,2.47,2.561,3.644,10.491,2.936,R
613110,6121,familia,isco4,6.301,3.127,1.381,2.47,2.561,3.644,10.491,2.936,R
613115,6121,direto,isco4,6.301,3.127,1.381,2.47,2.561,3.644,10.491,2.936,R
613120,6121,familia,isco4,6.301,3.127,1.381,2.47,2.561,3.644,10.491,2.936,R
613125,6121,familia,isco4,6.301,3.127,1.381,2.47,2.561,3.644,10.491,2.936,R
613130,6121,familia,isco4,6.301,3.127,1.381,2.47,2.561,3.644,10.491,2.936,R
613205,6121,manual,isco4,6.301,3.127,1.381,2.47,2.561,3.644,10.491,2.936,R
613210,6121,manual,isco4,6.301,3.127,1.381,2.47,2.561,3.644,10.491,2.936,R
613215,6121,manual,isco4,6.301,3.127,1.381,2.47,2.561,3.644,10.491,2.936,R
613305,6122,direto,isco4,6.57,3.03,1.435,2.44,1.96,3.265,11.16,1.315,R
613310,6122,familia,isco4,6.57,3.03,1.435,2.44,1.96,3.265,11.16,1.315,R
613405,6123,manual,isco4,6.36,3.4,1.45,2.38,2.0,3.58,11.49,1.263,R
613410,6123,manual,isco4,6.36,3.4,1.45,2.38,2.0,3.58,11.49,1.263,R
613415,6123,manual,isco4,6.36,3.4,1.45,2.38,2.0,3.58,11.49,1.263,R
613420,6123,manual,isco4,6.36,3.4,1.45,2.38,2.0,3.58,11.49,1.263,R
620105,6130,direto,isco4,5.283,2.57,1.04,2.717,5.683,4.573,5.553,11.499,E
620110,6130,direto,isco4,5.283,2.57,1.04,2.717,5.683,4.573,5.553,11.499,E
620115,6130,direto,isco4,5.283,2.57,1.04,2.717,5.683,4.573,5.553,11.499,E
621005,6130,direto,isco4,5.283,2.57,1.04,2.717,5.683,4.573,5.553,11.499,E
622005,6113,familia,isco4,5.923,2.209,1.681,2.233,3.652,4.045,8.301,6.586,R
622010,6113,direto,isco4,5.923,2.209,1.681,2.233,3.652,4.045,8.301,6.586,R
622015,6113,familia,isco4,5.923,2.209,1.681,2.233,3.652,4.045,8.301,6.586,R
622020,6114,direto,isco4,5.345,2.485,1.03,2.76,5.765,4.595,5.455,11.842,E
622105,6111,direto,isco4,5.53,2.23,1.0,2.89,6.01,4.66,5.16,12.871,E
622110,6111,direto,isco4,5.53,2.23,1.0,2.89,6.01,4.66,5.16,12.871,E
622115,6111,familia,isco4,5.53,2.23,1.0,2.89,6.01,4.66,5.16,12.871,E
622120,6111,familia,isco4,5.53,2.23,1.0,2.89,6.01,4.66,5.16,12.871,E
622205,6111,direto,isco4,5.53,2.23,1.0,2.89,6.01,4.66,5.16,12.871,E
622210,6111,direto,isco4,5.53,2.23,1.0,2.89,6.01,4.66,5.16,12.871,E
622215,6111,direto,isco4,5.53,2.23,1.0,2.89,6.01,4.66,5.16,12.871,E
622305,6111,manual,isco4,5.53,2.23,1.0,2.89,6.01,4.66,5.16,12.871,E
622310,6111,manual,isco4,5.53,2.23,1.0,2.89,6.01,4.66,5.16,12.871,E
622315,6111,manual,isco4,5.53,2.23,1.0,2.89,6.01,4.66,5.16,12.871,E
622320,6111,manual,isco4,5.53,2.23,1.0,2.89,6.01,4.66,5.16,12.871,E
622405,6113,manual,isco4,5.923,2.209,1.681,2.233,3.652,4.045,8.301,6.586,R
622410,6113,manual,isco4,5.923,2.209,1.681,2.233,3.652,4.045,8.301,6.586,R
622415,6113,manual,isco4,5.923,2.209,1.681,2.233,3.652,4.045,8.301,6.586,R
622420,6113,manual,isco4,5.923,2.209,1.681,2.233,3.652,4.045,8.301,6.586,R
622425,6113,manual,isco4,5.923,2.209,1.681,2.233,3.652,4.045,8.301,6.586,R
622505,6114,direto,isco4,5.345,2.485,1.03,2.76,5.765,4.595,5.455,11.842,E
622510,6114,familia,isco4,5.345,2.485,1.03,2.76,5.765,4.595,5.455,11.842,E
622515,6114,familia,isco4,5.345,2.485,1.03,2.76,5.765,4.595,5.455,11.842,E
622605,6112,direto,isco4,5.904,2.693,1.089,2.161,3.729,4.237,9.599,7.239,R
622610,6112,direto,isco4,5.904,2.693,1.089,2.161,3.729,4.237,9.599,7.239,R
622615,6112,direto,isco4,5.904,2.693,1.089,2.161,3.729,4.237,9.599,7.239,R
622620,6112,direto,isco4,5.904,2.693,1.089,2.161,3.729,4.237,9.599,7.239,R
622625,6112,direto,isco4,5.904,2.693,1.089,2.161,3.729,4.237,9.599,7.239,R
622705,6112,direto,isco4,5.904,2.693,1.089,2.161,3.729,4.237,9.599,7.239,R
622710,6112,familia,isco4,5.904,2.693,1.089,2.161,3.729,4.237,9.599,7.239,R
622715,6112,direto,isco4,5.904,2.693,1.089,2.161,3.729,4.237,9.599,7.239,R
622720,6112,direto,isco4,5.904,2.693,1.089,2.161,3.729,4.237,9.599,7.239,R
622725,6112,direto,isco4,5.904,2.693,1.089,2.161,3.729,4.237,9.599,7.239,R
622730,6112,direto,isco4,5.904,2.693,1.089,2.161,3.729,4.237,9.599,7.239,R
622735,6112,familia,isco4,5.904,2.693,1.089,2.161,3.729,4.237,9.599,7.239,R
622740,6112,familia,isco4,5.904,2.693,1.089,2.161,3.729,4.237,9.599,7.239,R
622805,6112,familia,isco4,5.904,2.693,1.089,2.161,3.729,4.237,9.599,7.239,R
622810,6112,direto,isco4,5.904,2.693,1.089,2.161,3.729,4.237,9.599,7.239,R
623005,6129,direto,isco4,6.36,3.4,1.45,2.38,2.0,3.58,11.49,1.263,R
623010,6129,direto,isco4,6.36,3.4,1.45,2.38,2.0,3.58,11.49,1.263,R
623015,6120,direto,isco3,6.361,3.179,1.407,2.442,2.321,3.565,10.852,2.248,R
623020,6129,direto,isco4,6.36,3.4,1.45,2.38,2.0,3.58,11.49,1.263,R
623025,6129,familia,isco4,6.36,3.4,1.45,2.38,2.0,3.58,11.49,1.263,R
623030,6129,familia,isco4,6.36,3.4,1.45,2.38,2.0,3.58,11.49,1.263,R
623035,6129,familia,isco4,6.36,3.4,1.45,2.38,2.0,3.58,11.49,1.263,R
623105,6129,direto,isco4,6.36,3.4,1.45,2.38,2.0,3.58,11.49,1.263,R
623110,6129,familia,isco4,6.36,3.4,1.45,2.38,2.0,3.58,11.49,1.263,R
623115,6121,direto,isco4,6.301,3.127,1.381,2.47,2.561,3.644,10.491,2.936,R
623120,6129,familia,isco4,6.36,3.4,1.45,2.38,2.0,3.58,11.49,1.263,R
623125,6129,direto,isco4,6.36,3.4,1.45,2.38,2.0,3.58,11.49,1.263,R
623205,6121,direto,isco4,6.301,3.127,1.381,2.47,2.561,3.644,10.491,2.936,R
623210,6121,direto,isco4,6.301,3.127,1.381,2.47,2.561,3.644,10.491,2.936,R
623215,6121,direto,isco4,6.301,3.127,1.381,2.47,2.561,3.644,10.491,2.936,R
623305,6129,direto,isco4,6.36,3.4,1.45,2.38,2.0,3.58,11.49,1.263,R
623310,6129,familia,isco4,6.36,3.4,1.45,2.38,2.0,3.58,11.49,1.263,R
623315,6122,direto,isco4,6.57,3.03,1.435,2.44,1.96,3.265,11.16,1.315,R
623320,6129,direto,isco4,6.36,3.4,1.45,2.38,2.0,3.58,11.49,1.263,R
623325,6129,direto,isco4,6.36,3.4,1.45,2.38,2.0,3.58,11.49,1.263,R
623405,6123,familia,isco4,6.36,3.4,1.45,2.38,2.0,3.58,11.49,1.263,R
623410,6123,direto,isco4,6.36,3.4,1.45,2.38,2.0,3.58,11.49,1.263,R
623415,6123,familia,isco4,6.36,3.4,1.45,2.38,2.0,3.58,11.49,1.263,R
623420,6123,direto,isco4,6.36,3.4,1.45,2.38,2.0,3.58,11.49,1.263,R
630105,6210,manual,isco4,6.3,3.935,1.09,2.75,3.172,4.438,11.21,4.472,R
630110,6210,manual,isco4,6.3,3.935,1.09,2.75,3.172,4.438,11.21,4.472,R
631005,6223,familia,isco4,6.073,2.517,1.02,1.597,3.477,4.137,11.11,7.053,R
631010,6223,direto,isco4,6.073,2.517,1.02,1.597,3.477,4.137,11.11,7.053,R
631015,6223,familia,isco4,6.073,2.517,1.02,1.597,3.477,4.137,11.11,7.053,R
631020,6223,familia,isco4,6.073,2.517,1.02,1.597,3.477,4.137,11.11,7.053,R
631105,6222,direto,isco4,6.54,2.22,1.12,1.99,3.19,3.66,10.67,6.072,R
631205,6223,direto,isco4,6.073,2.517,1.02,1.597,3.477,4.137,11.11,7.053,R
631210,6223,familia,isco4,6.073,2.517,1.02,1.597,3.477,4.137,11.11,7.053,R
631305,6221,familia,isco4,6.527,3.749,1.087,1.847,2.536,4.075,13.56,3.07,R
631310,6221,familia,isco4,6.527,3.749,1.087,1.847,2.536,4.075,13.56,3.07,R
631315,6221,familia,isco4,6.527,3.749,1.087,1.847,2.536,4.075,13.56,3.07,R
631320,6221,direto,isco4,6.527,3.749,1.087,1.847,2.536,4.075,13.56,3.07,R
631325,6221,direto,isco4,6.527,3.749,1.087,1.847,2.536,4.075,13.56,3.07,R
631330,6221,direto,isco4,6.527,3.749,1.087,1.847,2.536,4.075,13.56,3.07,R
631335,6221,familia,isco4,6.527,3.749,1.087,1.847,2.536,4.075,13.56,3.07,R
631405,6223,familia,isco4,6.073,2.517,1.02,1.597,3.477,4.137,11.11,7.053,R
631410,6223,direto,isco4,6.073,2.517,1.02,1.597,3.477,4.137,11.11,7.053,R
631415,6223,familia,isco4,6.073,2.517,1.02,1.597,3.477,4.137,11.11,7.053,R
631420,6223,familia,isco4,6.073,2.517,1.02,1.597,3.477,4.137,11.11,7.053,R
632005,6210,familia,isco4,6.3,3.935,1.09,2.75,3.172,4.438,11.21,4.472,R
632010,6210,familia,isco4,6.3,3.935,1.09,2.75,3.172,4.438,11.21,4.472,R
632015,6210,direto,isco4,6.3,3.935,1.09,2.75,3.172,4.438,11.21,4.472,R
632105,6210,familia,isco4,6.3,3.935,1.09,2.75,3.172,4.438,11.21,4.472,R
632110,6210,direto,isco4,6.3,3.935,1.09,2.75,3.172,4.438,11.21,4.472,R
632115,6210,familia,isco4,6.3,3.935,1.09,2.75,3.172,4.438,11.21,4.472,R
632120,6210,familia,isco4,6.3,3.935,1.09,2.75,3.172,4.438,11.21,4.472,R
632125,6210,direto,isco4,6.3,3.935,1.09,2.75,3.172,4.438,11.21,4.472,R
632205,6210,direto,isco4,6.3,3.935,1.09,2.75,3.172,4.438,11.21,4.472,R
632210,6210,direto,isco4,6.3,3.935,1.09,2.75,3.172,4.438,11.21,4.472,R
632215,6210,direto,isco4,6.3,3.935,1.09,2.75,3.172,4.438,11.21,4.472,R
632305,6210,familia,isco4,6.3,3.935,1.09,2.75,3.172,4.438,11.21,4.472,R
632310,6210,direto,isco4,6.3,3.935,1.09,2.75,3.172,4.438,11.21,4.472,R
632315,6210,familia,isco4,6.3,3.935,1.09,2.75,3.172,4.438,11.21,4.472,R
632320,6210,familia,isco4,6.3,3.935,1.09,2.75,3.172,4.438,11.21,4.472,R
632325,6210,direto,isco4,6.3,3.935,1.09,2.75,3.172,4.438,11.21,4.472,R
632330,6210,familia,isco4,6.3,3.935,1.09,2.75,3.172,4.438,11.21,4.472,R
632335,6210,familia,isco4,6.3,3.935,1.09,2.75,3.172,4.438,11.21,4.472,R
632340,6210,direto,isco4,6.3,3.935,1.09,2.75,3.172,4.438,11.21,4.472,R
632345,6210,familia,isco4,6.3,3.935,1.09,2.75,3.172,4.438,11.21,4.472,R
632350,6210,familia,isco4,6.3,3.935,1.09,2.75,3.172,4.438,11.21,4.472,R
632355,6210,direto,isco4,6.3,3.935,1.09,2.75,3.172,4.438,11.21,4.472,R
632360,6210,familia,isco4,6.3,3.935,1.09,2.75,3.172,4.438,11.21,4.472,R
632365,6210,direto,isco4,6.3,3.935,1.09,2.75,3.172,4.438,11.21,4.472,R
632370,6210,familia,isco4,6.3,3.935,1.09,2.75,3.172,4.438,11.21,4.472,R
632405,6210,familia,isco4,6.3,3.935,1.09,2.75,3.172,4.438,11.21,4.472,R
632410,6210,direto,isco4,6.3,3.935,1.09,2.75,3.172,4.438,11.21,4.472,R
632415,6210,familia,isco4,6.3,3.935,1.09,2.75,3.172,4.438,11.21,4.472,R
632420,6210,familia,isco4,6.3,3.935,1.09,2.75,3.172,4.438,11.21,4.472,R
632505,6210,direto,isco4,6.3,3.935,1.09,2.75,3.172,4.438,11.21,4.472,R
632510,6210,familia,isco4,6.3,3.935,1.09,2.75,3.172,4.438,11.21,4.472,R
632515,6210,direto,isco4,6.3,3.935,1.09,2.75,3.172,4.438,11.21,4.472,R
632520,6210,familia,isco4,6.3,3.935,1.09,2.75,3.172,4.438,11.21,4.472,R
632525,6210,familia,isco4,6.3,3.935,1.09,2.75,3.172,4.438,11.21,4.472,R
632605,6210,direto,isco4,6.3,3.935,1.09,2.75,3.172,4.438,11.21,4.472,R
632610,6210,familia,isco4,6.3,3.935,1.09,2.75,3.172,4.438,11.21,4.472,R
632615,6210,familia,isco4,6.3,3.935,1.09,2.75,3.172,4.438,11.21,4.472,R
641005,8341,direto,isco4,6.966,2.348,1.206,1.638,1.77,3.762,13.79,3.422,R
641010,8341,direto,isco4,6.966,2.348,1.206,1.638,1.77,3.762,13.79,3.422,R
641015,8341,direto,isco4,6.966,2.348,1.206,1.638,1.77,3.762,13.79,3.422,R
642005,8341,familia,isco4,6.966,2.348,1.206,1.638,1.77,3.762,13.79,3.422,R
642010,8341,familia,isco4,6.966,2.348,1.206,1.638,1.77,3.762,13.79,3.422,R
642015,8341,direto,isco4,6.966,2.348,1.206,1.638,1.77,3.762,13.79,3.422,R
643005,9211,manual,isco4,7.0,2.32,1.28,1.86,2.37,3.36,12.31,3.685,R
643010,9211,manual,isco4,7.0,2.32,1.28,1.86,2.37,3.36,12.31,3.685,R
643015,9211,manual,isco4,7.0,2.32,1.28,1.86,2.37,3.36,12.31,3.685,R
643020,9211,manual,isco4,7.0,2.32,1.28,1.86,2.37,3.36,12.31,3.685,R
643025,9211,manual,isco4,7.0,2.32,1.28,1.86,2.37,3.36,12.31,3.685,R
710105,8111,familia,isco4,6.966,2.367,1.0,1.178,1.321,3.822,15.442,3.072,R
710110,8111,familia,isco4,6.966,2.367,1.0,1.178,1.321,3.822,15.442,3.072,R
710115,8111,familia,isco4,6.966,2.367,1.0,1.178,1.321,3.822,15.442,3.072,R
710120,8111,direto,isco4,6.966,2.367,1.0,1.178,1.321,3.822,15.442,3.072,R
710125,8111,familia,isco4,6.966,2.367,1.0,1.178,1.321,3.822,15.442,3.072,R
710205,7119,direto,isco4,6.59,2.058,1.618,1.656,2.038,3.838,12.108,3.806,R
710210,7119,direto,isco4,6.59,2.058,1.618,1.656,2.038,3.838,12.108,3.806,R
710215,7119,direto,isco4,6.59,2.058,1.618,1.656,2.038,3.838,12.108,3.806,R
710220,7119,direto,isco4,6.59,2.058,1.618,1.656,2.038,3.838,12.108,3.806,R
710225,7119,direto,isco4,6.59,2.058,1.618,1.656,2.038,3.838,12.108,3.806,R
711105,8111,direto,isco4,6.966,2.367,1.0,1.178,1.321,3.822,15.442,3.072,R
711110,8111,direto,isco4,6.966,2.367,1.0,1.178,1.321,3.822,15.442,3.072,R
711115,7113,direto,isco4,6.939,1.93,2.683,1.4,1.058,3.459,12.726,-0.167,R
711120,7542,direto,isco4,6.9,3.77,1.25,1.3,1.83,4.19,16.08,1.73,R
711125,8111,direto,isco4,6.966,2.367,1.0,1.178,1.321,3.822,15.442,3.072,R
711130,8111,direto,isco4,6.966,2.367,1.0,1.178,1.321,3.822,15.442,3.072,R
711205,8111,familia,isco4,6.966,2.367,1.0,1.178,1.321,3.822,15.442,3.072,R
711210,8111,familia,isco4,6.966,2.367,1.0,1.178,1.321,3.822,15.442,3.072,R
711215,8111,direto,isco4,6.966,2.367,1.0,1.178,1.321,3.822,15.442,3.072,R
711220,8111,direto,isco4,6.966,2.367,1.0,1.178,1.321,3.822,15.442,3.072,R
711225,8111,direto,isco4,6.966,2.367,1.0,1.178,1.321,3.822,15.442,3.072,R
711230,8111,familia,isco4,6.966,2.367,1.0,1.178,1.321,3.822,15.442,3.072,R
711235,8111,familia,isco4,6.966,2.367,1.0,1.178,1.321,3.822,15.442,3.072,R
711240,8111,direto,isco4,6.966,2.367,1.0,1.178,1.321,3.822,15.442,3.072,R
711245,8111,familia,isco4,6.966,2.367,1.0,1.178,1.321,3.822,15.442,3.072,R
711305,8113,direto,isco4,6.976,2.43,1.014,1.206,1.586,3.747,15.117,3.267,R
711310,8113,direto,isco4,6.976,2.43,1.014,1.206,1.586,3.747,15.117,3.267,R
711315,8113,direto,isco4,6.976,2.43,1.014,1.206,1.586,3.747,15.117,3.267,R
711320,8113,direto,isco4,6.976,2.43,1.014,1.206,1.586,3.747,15.117,3.267,R
711325,8113,direto,isco4,6.976,2.43,1.014,1.206,1.586,3.747,15.117,3.267,R
711330,8113,direto,isco4,6.976,2.43,1.014,1.206,1.586,3.747,15.117,3.267,R
711405,9311,direto,isco4,6.992,2.297,1.0,1.208,1.23,3.752,15.39,2.915,R
711410,9311,direto,isco4,6.992,2.297,1.0,1.208,1.23,3.752,15.39,2.915,R
712105,8112,direto,isco4,6.956,2.374,1.295,1.224,1.326,3.797,15.015,2.517,R
712110,8112,direto,isco4,6.956,2.374,1.295,1.224,1.326,3.797,15.015,2.517,R
712115,8112,direto,isco4,6.956,2.374,1.295,1.224,1.326,3.797,15.015,2.517,R
712120,8112,direto,isco4,6.956,2.374,1.295,1.224,1.326,3.797,15.015,2.517,R
712125,8112,familia,isco4,6.956,2.374,1.295,1.224,1.326,3.797,15.015,2.517,R
712130,8112,direto,isco4,6.956,2.374,1.295,1.224,1.326,3.797,15.015,2.517,R
712135,8112,direto,isco4,6.956,2.374,1.295,1.224,1.326,3.797,15.015,2.517,R
712205,7113,direto,isco4,6.939,1.93,2.683,1.4,1.058,3.459,12.726,-0.167,R
712210,7113,direto,isco4,6.939,1.93,2.683,1.4,1.058,3.459,12.726,-0.167,R
712215,7113,direto,isco4,6.939,1.93,2.683,1.4,1.058,3.459,12.726,-0.167,R
712220,7113,direto,isco4,6.939,1.93,2.683,1.4,1.058,3.459,12.726,-0.167,R
712225,7113,direto,isco4,6.939,1.93,2.683,1.4,1.058,3.459,12.726,-0.167,R
712230,7113,direto,isco4,6.939,1.93,2.683,1.4,1.058,3.459,12.726,-0.167,R
715105,8342,direto,isco4,6.972,2.291,1.047,1.147,1.241,3.677,15.33,2.733,R
715110,8342,direto,isco4,6.972,2.291,1.047,1.147,1.241,3.677,15.33,2.733,R
715115,8342,direto,isco4,6.972,2.291,1.047,1.147,1.241,3.677,15.33,2.733,R
715120,8342,direto,isco4,6.972,2.291,1.047,1.147,1.241,3.677,15.33,2.733,R
715125,8342,direto,isco4,6.972,2.291,1.047,1.147,1.241,3.677,15.33,2.733,R
715130,8342,direto,isco4,6.972,2.291,1.047,1.147,1.241,3.677,15.33,2.733,R
715135,8342,direto,isco4,6.972,2.291,1.047,1.147,1.241,3.677,15.33,2.733,R
715140,8342,direto,isco4,6.972,2.291,1.047,1.147,1.241,3.677,15.33,2.733,R
715145,8342,direto,isco4,6.972,2.291,1.047,1.147,1.241,3.677,15.33,2.733,R
715205,7112,direto,isco4,6.99,1.836,1.996,1.442,1.1,3.472,13.308,1.28,R
715210,7112,direto,isco4,6.99,1.836,1.996,1.442,1.1,3.472,13.308,1.28,R
715215,7112,direto,isco4,6.99,1.836,1.996,1.442,1.1,3.472,13.308,1.28,R
715220,7112,direto,isco4,6.99,1.836,1.996,1.442,1.1,3.472,13.308,1.28,R
715225,7112,direto,isco4,6.99,1.836,1.996,1.442,1.1,3.472,13.308,1.28,R
715230,7112,direto,isco4,6.99,1.836,1.996,1.442,1.1,3.472,13.308,1.28,R
715305,7114,direto,isco4,7.0,2.257,1.657,1.077,1.117,3.387,14.717,1.021,R
715310,7114,direto,isco4,7.0,2.257,1.657,1.077,1.117,3.387,14.717,1.021,R
715315,7114,direto,isco4,7.0,2.257,1.657,1.077,1.117,3.387,14.717,1.021,R
715405,8114,direto,isco4,6.86,2.023,1.58,1.101,1.13,3.757,14.587,2.222,R
715410,8114,direto,isco4,6.86,2.023,1.58,1.101,1.13,3.757,14.587,2.222,R
715415,8114,direto,isco4,6.86,2.023,1.58,1.101,1.13,3.757,14.587,2.222,R
715420,8114,familia,isco4,6.86,2.023,1.58,1.101,1.13,3.757,14.587,2.222,R
715505,7115,direto,isco4,6.764,2.02,1.668,1.717,1.409,3.84,12.877,2.701,R
715510,7115,direto,isco4,6.764,2.02,1.668,1.717,1.409,3.84,12.877,2.701,R
715515,7115,direto,isco4,6.764,2.02,1.668,1.717,1.409,3.84,12.877,2.701,R
715520,7115,direto,isco4,6.764,2.02,1.668,1.717,1.409,3.84,12.877,2.701,R
715525,7115,direto,isco4,6.764,2.02,1.668,1.717,1.409,3.84,12.877,2.701,R
715530,7115,direto,isco4,6.764,2.02,1.668,1.717,1.409,3.84,12.877,2.701,R
715535,7115,direto,isco4,6.764,2.02,1.668,1.717,1.409,3.84,12.877,2.701,R
715540,7115,familia,isco4,6.764,2.02,1.668,1.717,1.409,3.84,12.877,2.701,R
715545,7119,direto,isco4,6.59,2.058,1.618,1.656,2.038,3.838,12.108,3.806,R
715605,7411,direto,isco4,6.946,2.91,1.095,1.359,1.62,4.39,15.758,3.469,R
715610,7411,direto,isco4,6.946,2.91,1.095,1.359,1.62,4.39,15.758,3.469,R
715615,7411,direto,isco4,6.946,2.91,1.095,1.359,1.62,4.39,15.758,3.469,R
715705,7124,direto,isco4,6.57,2.473,1.267,1.533,1.397,4.237,14.12,3.275,R
715710,7124,direto,isco4,6.57,2.473,1.267,1.533,1.397,4.237,14.12,3.275,R
715715,7124,direto,isco4,6.57,2.473,1.267,1.533,1.397,4.237,14.12,3.275,R
715720,7124,direto,isco4,6.57,2.473,1.267,1.533,1.397,4.237,14.12,3.275,R
715725,7124,direto,isco4,6.57,2.473,1.267,1.533,1.397,4.237,14.12,3.275,R
715730,7124,direto,isco4,6.57,2.473,1.267,1.533,1.397,4.237,14.12,3.275,R
716105,7114,direto,isco4,7.0,2.257,1.657,1.077,1.117,3.387,14.717,1.021,R
716110,7114,direto,isco4,7.0,2.257,1.657,1.077,1.117,3.387,14.717,1.021,R
716205,7121,direto,isco4,6.653,1.84,1.237,1.917,1.73,3.88,12.227,4.383,R
716210,7121,direto,isco4,6.653,1.84,1.237,1.917,1.73,3.88,12.227,4.383,R
716215,7121,direto,isco4,6.653,1.84,1.237,1.917,1.73,3.88,12.227,4.383,R
716220,7121,direto,isco4,6.653,1.84,1.237,1.917,1.73,3.88,12.227,4.383,R
716305,7125,direto,isco4,6.694,1.984,1.722,1.482,1.47,3.624,12.84,2.401,R
716310,7125,direto,isco4,6.694,1.984,1.722,1.482,1.47,3.624,12.84,2.401,R
716315,7125,direto,isco4,6.694,1.984,1.722,1.482,1.47,3.624,12.84,2.401,R
716405,7123,direto,isco4,6.672,1.95,1.932,1.802,1.354,3.66,12.064,1.958,R
716505,7122,direto,isco4,7.0,1.335,1.887,1.449,1.067,3.589,13.071,2.48,R
716510,7122,direto,isco4,7.0,1.335,1.887,1.449,1.067,3.589,13.071,2.48,R
716515,7122,direto,isco4,7.0,1.335,1.887,1.449,1.067,3.589,13.071,2.48,R
716520,7122,direto,isco4,7.0,1.335,1.887,1.449,1.067,3.589,13.071,2.48,R
716525,7122,direto,isco4,7.0,1.335,1.887,1.449,1.067,3.589,13.071,2.48,R
716530,7122,direto,isco4,7.0,1.335,1.887,1.449,1.067,3.589,13.071,2.48,R
716535,7122,direto,isco4,7.0,1.335,1.887,1.449,1.067,3.589,13.071,2.48,R
716540,7122,familia,isco4,7.0,1.335,1.887,1.449,1.067,3.589,13.071,2.48,R
716605,7112,direto,isco4,6.99,1.836,1.996,1.442,1.1,3.472,13.308,1.28,R
716610,7131,direto,isco4,6.475,1.173,2.26,1.925,1.215,3.585,10.383,2.366,R
716615,7131,direto,isco4,6.475,1.173,2.26,1.925,1.215,3.585,10.383,2.366,R
717005,9313,direto,isco4,7.0,2.38,1.365,1.29,1.175,3.645,14.905,1.86,R
717010,9313,direto,isco4,7.0,2.38,1.365,1.29,1.175,3.645,14.905,1.86,R
717015,9313,direto,isco4,7.0,2.38,1.365,1.29,1.175,3.645,14.905,1.86,R
717020,9313,direto,isco4,7.0,2.38,1.365,1.29,1.175,3.645,14.905,1.86,R
717025,9313,direto,isco4,7.0,2.38,1.365,1.29,1.175,3.645,14.905,1.86,R
720105,3122,manual,isco4,4.161,1.755,1.031,2.829,6.163,5.07,2.296,14.614,E
720110,3122,manual,isco4,4.161,1.755,1.031,2.829,6.163,5.07,2.296,14.614,E
720115,3122,manual,isco4,4.161,1.755,1.031,2.829,6.163,5.07,2.296,14.614,E
720120,3122,manual,isco4,4.161,1.755,1.031,2.829,6.163,5.07,2.296,14.614,E
720125,3122,manual,isco4,4.161,1.755,1.031,2.829,6.163,5.07,2.296,14.614,E
720130,3122,manual,isco4,4.161,1.755,1.031,2.829,6.163,5.07,2.296,14.614,E
720135,3122,manual,isco4,4.161,1.755,1.031,2.829,6.163,5.07,2.296,14.614,E
720140,3122,manual,isco4,4.161,1.755,1.031,2.829,6.163,5.07,2.296,14.614,E
720145,3122,manual,isco4,4.161,1.755,1.031,2.829,6.163,5.07,2.296,14.614,E
720150,3122,manual,isco4,4.161,1.755,1.031,2.829,6.163,5.07,2.296,14.614,E
720155,3122,manual,isco4,4.161,1.755,1.031,2.829,6.163,5.07,2.296,14.614,E
720160,3122,manual,isco4,4.161,1.755,1.031,2.829,6.163,5.07,2.296,14.614,E
720205,8211,direto,isco4,6.454,2.554,1.357,1.529,2.094,4.403,13.356,4.474,R
720210,8211,direto,isco4,6.454,2.554,1.357,1.529,2.094,4.403,13.356,4.474,R
720215,8211,direto,isco4,6.454,2.554,1.357,1.529,2.094,4.403,13.356,4.474,R
720220,8211,familia,isco4,6.454,2.554,1.357,1.529,2.094,4.403,13.356,4.474,R
721105,7222,direto,isco4,6.527,2.547,1.995,1.177,1.162,4.46,14.552,1.868,R
721110,7222,direto,isco4,6.527,2.547,1.995,1.177,1.162,4.46,14.552,1.868,R
721115,7222,direto,isco4,6.527,2.547,1.995,1.177,1.162,4.46,14.552,1.868,R
721205,7223,direto,isco4,6.749,2.554,1.261,1.085,1.159,4.454,15.915,3.111,R
721210,7223,direto,isco4,6.749,2.554,1.261,1.085,1.159,4.454,15.915,3.111,R
721215,7223,familia,isco4,6.749,2.554,1.261,1.085,1.159,4.454,15.915,3.111,R
721220,7223,direto,isco4,6.749,2.554,1.261,1.085,1.159,4.454,15.915,3.111,R
721225,7223,direto,isco4,6.749,2.554,1.261,1.085,1.159,4.454,15.915,3.111,R
721305,7224,direto,isco4,6.87,1.951,1.431,1.101,1.06,3.939,14.936,2.795,R
721310,7224,direto,isco4,6.87,1.951,1.431,1.101,1.06,3.939,14.936,2.795,R
721315,7224,direto,isco4,6.87,1.951,1.431,1.101,1.06,3.939,14.936,2.795,R
721320,7224,direto,isco4,6.87,1.951,1.431,1.101,1.06,3.939,14.936,2.795,R
721325,7224,direto,isco4,6.87,1.951,1.431,1.101,1.06,3.939,14.936,2.795,R
721405,7223,direto,isco4,6.749,2.554,1.261,1.085,1.159,4.454,15.915,3.111,R
721410,7223,direto,isco4,6.749,2.554,1.261,1.085,1.159,4.454,15.915,3.111,R
721415,7223,direto,isco4,6.749,2.554,1.261,1.085,1.159,4.454,15.915,3.111,R
721420,7223,direto,isco4,6.749,2.554,1.261,1.085,1.159,4.454,15.915,3.111,R
721425,7223,direto,isco4,6.749,2.554,1.261,1.085,1.159,4.454,15.915,3.111,R
721430,7223,direto,isco4,6.749,2.554,1.261,1.085,1.159,4.454,15.915,3.111,R
722105,7221,direto,isco4,6.63,2.456,1.146,1.552,1.218,4.076,14.324,2.927,R
722110,7221,direto,isco4,6.63,2.456,1.146,1.552,1.218,4.076,14.324,2.927,R
722115,7221,direto,isco4,6.63,2.456,1.146,1.552,1.218,4.076,14.324,2.927,R
722205,8121,direto,isco4,6.765,2.249,1.156,1.111,1.102,4.164,15.462,3.219,R
722210,8121,direto,isco4,6.765,2.249,1.156,1.111,1.102,4.164,15.462,3.219,R
722215,8121,direto,isco4,6.765,2.249,1.156,1.111,1.102,4.164,15.462,3.219,R
722220,8121,direto,isco4,6.765,2.249,1.156,1.111,1.102,4.164,15.462,3.219,R
722230,8121,direto,isco4,6.765,2.249,1.156,1.111,1.102,4.164,15.462,3.219,R
722235,8121,direto,isco4,6.765,2.249,1.156,1.111,1.102,4.164,15.462,3.219,R
722305,7211,direto,isco4,6.784,2.244,2.03,1.043,1.0,3.676,14.373,0.694,R
722310,7211,direto,isco4,6.784,2.244,2.03,1.043,1.0,3.676,14.373,0.694,R
722315,7211,direto,isco4,6.784,2.244,2.03,1.043,1.0,3.676,14.373,0.694,R
722320,7211,direto,isco4,6.784,2.244,2.03,1.043,1.0,3.676,14.373,0.694,R
722325,7211,direto,isco4,6.784,2.244,2.03,1.043,1.0,3.676,14.373,0.694,R
722330,7211,familia,isco4,6.784,2.244,2.03,1.043,1.0,3.676,14.373,0.694,R
722405,8121,familia,isco4,6.765,2.249,1.156,1.111,1.102,4.164,15.462,3.219,R
722410,8121,direto,isco4,6.765,2.249,1.156,1.111,1.102,4.164,15.462,3.219,R
722415,8121,direto,isco4,6.765,2.249,1.156,1.111,1.102,4.164,15.462,3.219,R
723105,8121,direto,isco4,6.765,2.249,1.156,1.111,1.102,4.164,15.462,3.219,R
723110,8121,direto,isco4,6.765,2.249,1.156,1.111,1.102,4.164,15.462,3.219,R
723115,8121,direto,isco4,6.765,2.249,1.156,1.111,1.102,4.164,15.462,3.219,R
723120,8121,direto,isco4,6.765,2.249,1.156,1.111,1.102,4.164,15.462,3.219,R
723125,8121,direto,isco4,6.765,2.249,1.156,1.111,1.102,4.164,15.462,3.219,R
723205,8122,direto,isco4,6.96,2.066,1.372,1.042,1.058,4.13,15.602,3.027,R
723210,8122,direto,isco4,6.96,2.066,1.372,1.042,1.058,4.13,15.602,3.027,R
723215,8122,direto,isco4,6.96,2.066,1.372,1.042,1.058,4.13,15.602,3.027,R
723220,8122,direto,isco4,6.96,2.066,1.372,1.042,1.058,4.13,15.602,3.027,R
723225,8122,direto,isco4,6.96,2.066,1.372,1.042,1.058,4.13,15.602,3.027,R
723230,8122,direto,isco4,6.96,2.066,1.372,1.042,1.058,4.13,15.602,3.027,R
723235,8122,direto,isco4,6.96,2.066,1.372,1.042,1.058,4.13,15.602,3.027,R
723240,8122,direto,isco4,6.96,2.066,1.372,1.042,1.058,4.13,15.602,3.027,R
723305,7132,familia,isco4,6.99,1.733,1.943,1.158,1.025,3.77,14.198,1.935,R
723310,7132,direto,isco4,6.99,1.733,1.943,1.158,1.025,3.77,14.198,1.935,R
723315,7132,direto,isco4,6.99,1.733,1.943,1.158,1.025,3.77,14.198,1.935,R
723320,7132,direto,isco4,6.99,1.733,1.943,1.158,1.025,3.77,14.198,1.935,R
723325,7132,direto,isco4,6.99,1.733,1.943,1.158,1.025,3.77,14.198,1.935,R
723330,7132,direto,isco4,6.99,1.733,1.943,1.158,1.025,3.77,14.198,1.935,R
724105,7126,direto,isco4,6.907,2.435,1.089,1.459,1.196,4.11,15.156,3.082,R
724110,7126,direto,isco4,6.907,2.435,1.089,1.459,1.196,4.11,15.156,3.082,R
724115,7126,direto,isco4,6.907,2.435,1.089,1.459,1.196,4.11,15.156,3.082,R
724120,7126,direto,isco4,6.907,2.435,1.089,1.459,1.196,4.11,15.156,3.082,R
724125,7126,direto,isco4,6.907,2.435,1.089,1.459,1.196,4.11,15.156,3.082,R
724130,7126,direto,isco4,6.907,2.435,1.089,1.459,1.196,4.11,15.156,3.082,R
724135,7126,direto,isco4,6.907,2.435,1.089,1.459,1.196,4.11,15.156,3.082,R
724205,7214,direto,isco4,6.897,2.51,1.453,1.093,1.226,3.814,15.254,1.863,R
724210,7214,direto,isco4,6.897,2.51,1.453,1.093,1.226,3.814,15.254,1.863,R
724215,7214,direto,isco4,6.897,2.51,1.453,1.093,1.226,3.814,15.254,1.863,R
724220,7214,direto,isco4,6.897,2.51,1.453,1.093,1.226,3.814,15.254,1.863,R
724225,7214,direto,isco4,6.897,2.51,1.453,1.093,1.226,3.814,15.254,1.863,R
724230,7214,direto,isco4,6.897,2.51,1.453,1.093,1.226,3.814,15.254,1.863,R
724305,7212,direto,isco4,6.831,2.131,1.371,1.201,1.707,3.884,14.199,3.615,R
724310,7212,direto,isco4,6.831,2.131,1.371,1.201,1.707,3.884,14.199,3.615,R
724315,7212,direto,isco4,6.831,2.131,1.371,1.201,1.707,3.884,14.199,3.615,R
724320,7212,direto,isco4,6.831,2.131,1.371,1.201,1.707,3.884,14.199,3.615,R
724325,7212,direto,isco4,6.831,2.131,1.371,1.201,1.707,3.884,14.199,3.615,R
724405,7213,direto,isco4,7.0,2.393,1.424,1.024,1.069,3.736,15.587,1.708,R
724410,7213,direto,isco4,7.0,2.393,1.424,1.024,1.069,3.736,15.587,1.708,R
724415,7213,direto,isco4,7.0,2.393,1.424,1.024,1.069,3.736,15.587,1.708,R
724420,7213,direto,isco4,7.0,2.393,1.424,1.024,1.069,3.736,15.587,1.708,R
724425,7213,direto,isco4,7.0,2.393,1.424,1.024,1.069,3.736,15.587,1.708,R
724430,7213,direto,isco4,7.0,2.393,1.424,1.024,1.069,3.736,15.587,1.708,R
724435,7213,familia,isco4,7.0,2.393,1.424,1.024,1.069,3.736,15.587,1.708,R
724440,7213,direto,isco4,7.0,2.393,1.424,1.024,1.069,3.736,15.587,1.708,R
724505,8212,direto,isco4,6.873,3.161,1.563,1.183,1.099,4.357,16.237,1.267,R
724510,8212,direto,isco4,6.873,3.161,1.563,1.183,1.099,4.357,16.237,1.267,R
724515,8212,direto,isco4,6.873,3.161,1.563,1.183,1.099,4.357,16.237,1.267,R
724605,7215,manual,isco4,6.696,2.378,1.377,1.272,1.998,3.792,13.643,3.521,R
724610,7215,manual,isco4,6.696,2.378,1.377,1.272,1.998,3.792,13.643,3.521,R
725005,7223,familia,isco4,6.749,2.554,1.261,1.085,1.159,4.454,15.915,3.111,R
725010,7223,direto,isco4,6.749,2.554,1.261,1.085,1.159,4.454,15.915,3.111,R
725015,7223,direto,isco4,6.749,2.554,1.261,1.085,1.159,4.454,15.915,3.111,R
725020,7223,direto,isco4,6.749,2.554,1.261,1.085,1.159,4.454,15.915,3.111,R
725025,7223,familia,isco4,6.749,2.554,1.261,1.085,1.159,4.454,15.915,3.111,R
725030,7223,familia,isco4,6.749,2.554,1.261,1.085,1.159,4.454,15.915,3.111,R
725105,8211,direto,isco4,6.454,2.554,1.357,1.529,2.094,4.403,13.356,4.474,R
725205,8211,direto,isco4,6.454,2.554,1.357,1.529,2.094,4.403,13.356,4.474,R
725210,8211,direto,isco4,6.454,2.554,1.357,1.529,2.094,4.403,13.356,4.474,R
725215,8211,direto,isco4,6.454,2.554,1.357,1.529,2.094,4.403,13.356,4.474,R
725220,8211,direto,isco4,6.454,2.554,1.357,1.529,2.094,4.403,13.356,4.474,R
725225,8211,direto,isco4,6.454,2.554,1.357,1.529,2.094,4.403,13.356,4.474,R
725305,8211,direto,isco4,6.454,2.554,1.357,1.529,2.094,4.403,13.356,4.474,R
725310,8211,direto,isco4,6.454,2.554,1.357,1.529,2.094,4.403,13.356,4.474,R
725315,8211,direto,isco4,6.454,2.554,1.357,1.529,2.094,4.403,13.356,4.474,R
725320,8211,direto,isco4,6.454,2.554,1.357,1.529,2.094,4.403,13.356,4.474,R
725405,8211,direto,isco4,6.454,2.554,1.357,1.529,2.094,4.403,13.356,4.474,R
725410,8211,direto,isco4,6.454,2.554,1.357,1.529,2.094,4.403,13.356,4.474,R
725415,8211,direto,isco4,6.454,2.554,1.357,1.529,2.094,4.403,13.356,4.474,R
725420,8211,direto,isco4,6.454,2.554,1.357,1.529,2.094,4.403,13.356,4.474,R
725505,8211,manual,isco4,6.454,2.554,1.357,1.529,2.094,4.403,13.356,4.474,R
725510,8211,manual,isco4,6.454,2.554,1.357,1.529,2.094,4.403,13.356,4.474,R
725605,8211,direto,isco4,6.454,2.554,1.357,1.529,2.094,4.403,13.356,4.474,R
725610,8211,direto,isco4,6.454,2.554,1.357,1.529,2.094,4.403,13.356,4.474,R
725705,8211,direto,isco4,6.454,2.554,1.357,1.529,2.094,4.403,13.356,4.474,R
730105,7412,direto,isco4,7.0,2.894,1.068,1.29,1.199,4.403,16.45,2.837,R
731105,8212,direto,isco4,6.873,3.161,1.563,1.183,1.099,4.357,16.237,1.267,R
731110,8212,direto,isco4,6.873,3.161,1.563,1.183,1.099,4.357,16.237,1.267,R
731115,8212,direto,isco4,6.873,3.161,1.563,1.183,1.099,4.357,16.237,1.267,R
731120,8212,direto,isco4,6.873,3.161,1.563,1.183,1.099,4.357,16.237,1.267,R
731125,8212,direto,isco4,6.873,3.161,1.563,1.183,1.099,4.357,16.237,1.267,R
731130,8212,direto,isco4,6.873,3.161,1.563,1.183,1.099,4.357,16.237,1.267,R
731135,8212,direto,isco4,6.873,3.161,1.563,1.183,1.099,4.357,16.237,1.267,R
731140,8212,direto,isco4,6.873,3.161,1.563,1.183,1.099,4.357,16.237,1.267,R
731145,8212,direto,isco4,6.873,3.161,1.563,1.183,1.099,4.357,16.237,1.267,R
731150,8212,direto,isco4,6.873,3.161,1.563,1.183,1.099,4.357,16.237,1.267,R
731155,8212,direto,isco4,6.873,3.161,1.563,1.183,1.099,4.357,16.237,1.267,R
731160,8212,direto,isco4,6.873,3.161,1.563,1.183,1.099,4.357,16.237,1.267,R
731165,8212,direto,isco4,6.873,3.161,1.563,1.183,1.099,4.357,16.237,1.267,R
731170,8212,direto,isco4,6.873,3.161,1.563,1.183,1.099,4.357,16.237,1.267,R
731175,8212,direto,isco4,6.873,3.161,1.563,1.183,1.099,4.357,16.237,1.267,R
731180,8212,direto,isco4,6.873,3.161,1.563,1.183,1.099,4.357,16.237,1.267,R
731205,8212,direto,isco4,6.873,3.161,1.563,1.183,1.099,4.357,16.237,1.267,R
731305,7422,familia,isco4,6.361,2.859,1.109,1.595,1.638,4.784,14.429,4.244,R
731310,7422,familia,isco4,6.361,2.859,1.109,1.595,1.638,4.784,14.429,4.244,R
731315,7422,familia,isco4,6.361,2.859,1.109,1.595,1.638,4.784,14.429,4.244,R
731320,7422,direto,isco4,6.361,2.859,1.109,1.595,1.638,4.784,14.429,4.244,R
731325,7422,familia,isco4,6.361,2.859,1.109,1.595,1.638,4.784,14.429,4.244,R
731330,7422,familia,isco4,6.361,2.859,1.109,1.595,1.638,4.784,14.429,4.244,R
732105,7413,direto,isco4,6.929,2.953,1.0,1.268,1.578,4.48,16.177,3.642,R
732110,7413,direto,isco4,6.929,2.953,1.0,1.268,1.578,4.48,16.177,3.642,R
732115,7413,direto,isco4,6.929,2.953,1.0,1.268,1.578,4.48,16.177,3.642,R
732120,7413,direto,isco4,6.929,2.953,1.0,1.268,1.578,4.48,16.177,3.642,R
732125,7413,direto,isco4,6.929,2.953,1.0,1.268,1.578,4.48,16.177,3.642,R
732130,7413,direto,isco4,6.929,2.953,1.0,1.268,1.578,4.48,16.177,3.642,R
732135,7413,direto,isco4,6.929,2.953,1.0,1.268,1.578,4.48,16.177,3.642,R
732140,7413,familia,isco4,6.929,2.953,1.0,1.268,1.578,4.48,16.177,3.642,R
740105,3122,manual,isco4,4.161,1.755,1.031,2.829,6.163,5.07,2.296,14.614,E
740110,3122,manual,isco4,4.161,1.755,1.031,2.829,6.163,5.07,2.296,14.614,E
741105,7311,direto,isco4,6.593,2.753,1.308,1.46,1.158,4.596,15.15,2.928,R
741110,7311,direto,isco4,6.593,2.753,1.308,1.46,1.158,4.596,15.15,2.928,R
741115,7311,direto,isco4,6.593,2.753,1.308,1.46,1.158,4.596,15.15,2.928,R
741120,7311,direto,isco4,6.593,2.753,1.308,1.46,1.158,4.596,15.15,2.928,R
741125,7311,direto,isco4,6.593,2.753,1.308,1.46,1.158,4.596,15.15,2.928,R
742105,7312,direto,isco4,6.198,2.478,3.974,1.629,1.461,3.426,9.606,-2.707,R
742110,7312,direto,isco4,6.198,2.478,3.974,1.629,1.461,3.426,9.606,-2.707,R
742115,7312,direto,isco4,6.198,2.478,3.974,1.629,1.461,3.426,9.606,-2.707,R
742120,7312,direto,isco4,6.198,2.478,3.974,1.629,1.461,3.426,9.606,-2.707,R
742125,7312,direto,isco4,6.198,2.478,3.974,1.629,1.461,3.426,9.606,-2.707,R
742130,7312,direto,isco4,6.198,2.478,3.974,1.629,1.461,3.426,9.606,-2.707,R
742135,7312,direto,isco4,6.198,2.478,3.974,1.629,1.461,3.426,9.606,-2.707,R
742140,7312,direto,isco4,6.198,2.478,3.974,1.629,1.461,3.426,9.606,-2.707,R
750105,3122,manual,isco4,4.161,1.755,1.031,2.829,6.163,5.07,2.296,14.614,E
750205,8181,direto,isco4,6.804,1.995,1.448,1.134,1.32,4.198,14.764,3.59,R
751005,7313,direto,isco4,6.107,2.769,3.346,1.114,1.733,3.715,11.391,-1.153,R
751010,7313,direto,isco4,6.107,2.769,3.346,1.114,1.733,3.715,11.391,-1.153,R
751015,7313,direto,isco4,6.107,2.769,3.346,1.114,1.733,3.715,11.391,-1.153,R
751020,7313,direto,isco4,6.107,2.769,3.346,1.114,1.733,3.715,11.391,-1.153,R
751105,7313,direto,isco4,6.107,2.769,3.346,1.114,1.733,3.715,11.391,-1.153,R
751110,7313,familia,isco4,6.107,2.769,3.346,1.114,1.733,3.715,11.391,-1.153,R
751115,7313,direto,isco4,6.107,2.769,3.346,1.114,1.733,3.715,11.391,-1.153,R
751120,7313,direto,isco4,6.107,2.769,3.346,1.114,1.733,3.715,11.391,-1.153,R
751125,7313,direto,isco4,6.107,2.769,3.346,1.114,1.733,3.715,11.391,-1.153,R
751130,7313,familia,isco4,6.107,2.769,3.346,1.114,1.733,3.715,11.391,-1.153,R
752105,7315,familia,isco4,6.673,2.397,1.677,1.17,1.527,4.737,14.935,3.789,R
752110,7315,familia,isco4,6.673,2.397,1.677,1.17,1.527,4.737,14.935,3.789,R
752115,7315,direto,isco4,6.673,2.397,1.677,1.17,1.527,4.737,14.935,3.789,R
752120,7315,familia,isco4,6.673,2.397,1.677,1.17,1.527,4.737,14.935,3.789,R
752205,7315,familia,isco4,6.673,2.397,1.677,1.17,1.527,4.737,14.935,3.789,R
752210,7315,direto,isco4,6.673,2.397,1.677,1.17,1.527,4.737,14.935,3.789,R
752215,7316,direto,isco4,6.188,1.849,4.819,1.643,1.889,3.01,7.241,-3.061,R
752220,7316,direto,isco4,6.188,1.849,4.819,1.643,1.889,3.01,7.241,-3.061,R
752225,7316,direto,isco4,6.188,1.849,4.819,1.643,1.889,3.01,7.241,-3.061,R
752230,7315,direto,isco4,6.673,2.397,1.677,1.17,1.527,4.737,14.935,3.789,R
752235,7315,direto,isco4,6.673,2.397,1.677,1.17,1.527,4.737,14.935,3.789,R
752305,7314,direto,isco4,6.84,1.937,2.012,1.007,1.095,3.867,14.363,1.753,R
752310,7314,direto,isco4,6.84,1.937,2.012,1.007,1.095,3.867,14.363,1.753,R
752315,7314,direto,isco4,6.84,1.937,2.012,1.007,1.095,3.867,14.363,1.753,R
752320,7314,direto,isco4,6.84,1.937,2.012,1.007,1.095,3.867,14.363,1.753,R
752325,7314,direto,isco4,6.84,1.937,2.012,1.007,1.095,3.867,14.363,1.753,R
752330,7314,familia,isco4,6.84,1.937,2.012,1.007,1.095,3.867,14.363,1.753,R
752405,7316,direto,isco4,6.188,1.849,4.819,1.643,1.889,3.01,7.241,-3.061,R
752410,7316,direto,isco4,6.188,1.849,4.819,1.643,1.889,3.01,7.241,-3.061,R
752415,7316,direto,isco4,6.188,1.849,4.819,1.643,1.889,3.01,7.241,-3.061,R
752420,7316,direto,isco4,6.188,1.849,4.819,1.643,1.889,3.01,7.241,-3.061,R
752425,7316,direto,isco4,6.188,1.849,4.819,1.643,1.889,3.01,7.241,-3.061,R
752430,7316,direto,isco4,6.188,1.849,4.819,1.643,1.889,3.01,7.241,-3.061,R
760105,8159,direto,isco4,6.287,1.627,2.333,1.133,1.48,4.215,12.34,3.002,R
760110,8159,direto,isco4,6.287,1.627,2.333,1.133,1.48,4.215,12.34,3.002,R
760115,8159,direto,isco4,6.287,1.627,2.333,1.133,1.48,4.215,12.34,3.002,R
760120,8159,direto,isco4,6.287,1.627,2.333,1.133,1.48,4.215,12.34,3.002,R
760125,8159,direto,isco4,6.287,1.627,2.333,1.133,1.48,4.215,12.34,3.002,R
760205,3122,manual,isco4,4.161,1.755,1.031,2.829,6.163,5.07,2.296,14.614,E
760305,3122,manual,isco4,4.161,1.755,1.031,2.829,6.163,5.07,2.296,14.614,E
760310,3122,manual,isco4,4.161,1.755,1.031,2.829,6.163,5.07,2.296,14.614,E
760405,7536,direto,isco4,6.792,1.452,2.937,1.369,1.365,3.271,11.266,0.426,R
760505,3122,manual,isco4,4.161,1.755,1.031,2.829,6.163,5.07,2.296,14.614,E
760605,3119,direto,isco4,5.331,4.583,1.642,1.515,2.38,5.01,13.204,2.016,R
761005,8159,manual,isco4,6.287,1.627,2.333,1.133,1.48,4.215,12.34,3.002,R
761105,7318,direto,isco4,6.78,1.863,2.467,1.182,1.743,3.663,12.513,1.863,R
761110,7318,direto,isco4,6.78,1.863,2.467,1.182,1.743,3.663,12.513,1.863,R
761205,8151,direto,isco4,6.59,1.783,1.22,1.02,1.477,4.187,14.413,4.602,R
761210,8151,familia,isco4,6.59,1.783,1.22,1.02,1.477,4.187,14.413,4.602,R
761215,8151,familia,isco4,6.59,1.783,1.22,1.02,1.477,4.187,14.413,4.602,R
761220,8151,direto,isco4,6.59,1.783,1.22,1.02,1.477,4.187,14.413,4.602,R
761225,8151,direto,isco4,6.59,1.783,1.22,1.02,1.477,4.187,14.413,4.602,R
761230,8151,direto,isco4,6.59,1.783,1.22,1.02,1.477,4.187,14.413,4.602,R
761235,7318,direto,isco4,6.78,1.863,2.467,1.182,1.743,3.663,12.513,1.863,R
761240,8151,direto,isco4,6.59,1.783,1.22,1.02,1.477,4.187,14.413,4.602,R
761245,8151,familia,isco4,6.59,1.783,1.22,1.02,1.477,4.187,14.413,4.602,R
761250,8151,direto,isco4,6.59,1.783,1.22,1.02,1.477,4.187,14.413,4.602,R
761255,8151,direto,isco4,6.59,1.783,1.22,1.02,1.477,4.187,14.413,4.602,R
761260,8151,direto,isco4,6.59,1.783,1.22,1.02,1.477,4.187,14.413,4.602,R
761303,8152,direto,isco4,6.95,1.81,1.56,1.02,1.36,4.28,15.03,3.927,R
761306,8152,direto,isco4,6.95,1.81,1.56,1.02,1.36,4.28,15.03,3.927,R
761309,8152,direto,isco4,6.95,1.81,1.56,1.02,1.36,4.28,15.03,3.927,R
761312,8152,direto,isco4,6.95,1.81,1.56,1.02,1.36,4.28,15.03,3.927,R
761315,8152,direto,isco4,6.95,1.81,1.56,1.02,1.36,4.28,15.03,3.927,R
761318,8152,direto,isco4,6.95,1.81,1.56,1.02,1.36,4.28,15.03,3.927,R
761321,8152,direto,isco4,6.95,1.81,1.56,1.02,1.36,4.28,15.03,3.927,R
761324,8152,direto,isco4,6.95,1.81,1.56,1.02,1.36,4.28,15.03,3.927,R
761327,8152,direto,isco4,6.95,1.81,1.56,1.02,1.36,4.28,15.03,3.927,R
761330,8152,direto,isco4,6.95,1.81,1.56,1.02,1.36,4.28,15.03,3.927,R
761333,8152,direto,isco4,6.95,1.81,1.56,1.02,1.36,4.28,15.03,3.927,R
761336,8152,direto,isco4,6.95,1.81,1.56,1.02,1.36,4.28,15.03,3.927,R
761339,8152,direto,isco4,6.95,1.81,1.56,1.02,1.36,4.28,15.03,3.927,R
761342,8152,direto,isco4,6.95,1.81,1.56,1.02,1.36,4.28,15.03,3.927,R
761345,8152,direto,isco4,6.95,1.81,1.56,1.02,1.36,4.28,15.03,3.927,R
761348,8152,direto,isco4,6.95,1.81,1.56,1.02,1.36,4.28,15.03,3.927,R
761351,8152,direto,isco4,6.95,1.81,1.56,1.02,1.36,4.28,15.03,3.927,R
761354,8152,direto,isco4,6.95,1.81,1.56,1.02,1.36,4.28,15.03,3.927,R
761357,8152,direto,isco4,6.95,1.81,1.56,1.02,1.36,4.28,15.03,3.927,R
761360,8152,direto,isco4,6.95,1.81,1.56,1.02,1.36,4.28,15.03,3.927,R
761363,8152,direto,isco4,6.95,1.81,1.56,1.02,1.36,4.28,15.03,3.927,R
761366,8152,direto,isco4,6.95,1.81,1.56,1.02,1.36,4.28,15.03,3.927,R
761405,8154,direto,isco4,6.77,2.07,1.27,1.27,1.21,4.18,14.77,3.546,R
761410,8154,direto,isco4,6.77,2.07,1.27,1.27,1.21,4.18,14.77,3.546,R
761415,8154,direto,isco4,6.77,2.07,1.27,1.27,1.21,4.18,14.77,3.546,R
761420,8154,direto,isco4,6.77,2.07,1.27,1.27,1.21,4.18,14.77,3.546,R
761425,8154,direto,isco4,6.77,2.07,1.27,1.27,1.21,4.18,14.77,3.546,R
761430,8154,direto,isco4,6.77,2.07,1.27,1.27,1.21,4.18,14.77,3.546,R
761435,8154,direto,isco4,6.77,2.07,1.27,1.27,1.21,4.18,14.77,3.546,R
761805,3110,familia,isco3,5.755,4.456,1.758,1.623,2.039,4.958,13.88,1.354,R
761810,3110,familia,isco3,5.755,4.456,1.758,1.623,2.039,4.958,13.88,1.354,R
761815,3110,direto,isco3,5.755,4.456,1.758,1.623,2.039,4.958,13.88,1.354,R
761820,3110,familia,isco3,5.755,4.456,1.758,1.623,2.039,4.958,13.88,1.354,R
762005,7535,manual,isco4,5.73,3.42,1.0,1.0,1.38,5.36,15.86,4.014,R
762105,7535,direto,isco4,5.73,3.42,1.0,1.0,1.38,5.36,15.86,4.014,R
762110,7535,direto,isco4,5.73,3.42,1.0,1.0,1.38,5.36,15.86,4.014,R
762115,7535,direto,isco4,5.73,3.42,1.0,1.0,1.38,5.36,15.86,4.014,R
762120,7535,familia,isco4,5.73,3.42,1.0,1.0,1.38,5.36,15.86,4.014,R
762125,7535,direto,isco4,5.73,3.42,1.0,1.0,1.38,5.36,15.86,4.014,R
762205,7535,direto,isco4,5.73,3.42,1.0,1.0,1.38,5.36,15.86,4.014,R
762210,7535,familia,isco4,5.73,3.42,1.0,1.0,1.38,5.36,15.86,4.014,R
762215,7535,familia,isco4,5.73,3.42,1.0,1.0,1.38,5.36,15.86,4.014,R
762220,7535,direto,isco4,5.73,3.42,1.0,1.0,1.38,5.36,15.86,4.014,R
762305,7535,familia,isco4,5.73,3.42,1.0,1.0,1.38,5.36,15.86,4.014,R
762310,7535,familia,isco4,5.73,3.42,1.0,1.0,1.38,5.36,15.86,4.014,R
762315,7535,direto,isco4,5.73,3.42,1.0,1.0,1.38,5.36,15.86,4.014,R
762320,7535,familia,isco4,5.73,3.42,1.0,1.0,1.38,5.36,15.86,4.014,R
762325,7535,familia,isco4,5.73,3.42,1.0,1.0,1.38,5.36,15.86,4.014,R
762330,7535,familia,isco4,5.73,3.42,1.0,1.0,1.38,5.36,15.86,4.014,R
762335,7535,direto,isco4,5.73,3.42,1.0,1.0,1.38,5.36,15.86,4.014,R
762340,7535,direto,isco4,5.73,3.42,1.0,1.0,1.38,5.36,15.86,4.014,R
762345,7535,familia,isco4,5.73,3.42,1.0,1.0,1.38,5.36,15.86,4.014,R
763005,7531,direto,isco4,5.736,1.5,3.358,2.238,2.546,3.662,6.254,2.336,R
763010,7531,familia,isco4,5.736,1.5,3.358,2.238,2.546,3.662,6.254,2.336,R
763015,7531,familia,isco4,5.736,1.5,3.358,2.238,2.546,3.662,6.254,2.336,R
763020,7531,direto,isco4,5.736,1.5,3.358,2.238,2.546,3.662,6.254,2.336,R
763105,7532,familia,isco4,5.321,1.663,5.114,1.666,2.349,3.696,5.206,-1.265,R
763110,7532,direto,isco4,5.321,1.663,5.114,1.666,2.349,3.696,5.206,-1.265,R
763115,7532,familia,isco4,5.321,1.663,5.114,1.666,2.349,3.696,5.206,-1.265,R
763120,7532,direto,isco4,5.321,1.663,5.114,1.666,2.349,3.696,5.206,-1.265,R
763125,7532,familia,isco4,5.321,1.663,5.114,1.666,2.349,3.696,5.206,-1.265,R
763205,8153,direto,isco4,6.442,1.291,2.579,1.471,1.634,3.655,10.676,2.454,R
763210,8153,direto,isco4,6.442,1.291,2.579,1.471,1.634,3.655,10.676,2.454,R
763215,8153,direto,isco4,6.442,1.291,2.579,1.471,1.634,3.655,10.676,2.454,R
763305,8153,familia,isco4,6.442,1.291,2.579,1.471,1.634,3.655,10.676,2.454,R
763310,8153,direto,isco4,6.442,1.291,2.579,1.471,1.634,3.655,10.676,2.454,R
763315,8153,familia,isco4,6.442,1.291,2.579,1.471,1.634,3.655,10.676,2.454,R
763320,8153,familia,isco4,6.442,1.291,2.579,1.471,1.634,3.655,10.676,2.454,R
763325,8153,familia,isco4,6.442,1.291,2.579,1.471,1.634,3.655,10.676,2.454,R
764005,7536,manual,isco4,6.792,1.452,2.937,1.369,1.365,3.271,11.266,0.426,R
764105,7536,direto,isco4,6.792,1.452,2.937,1.369,1.365,3.271,11.266,0.426,R
764110,7536,direto,isco4,6.792,1.452,2.937,1.369,1.365,3.271,11.266,0.426,R
764115,7536,direto,isco4,6.792,1.452,2.937,1.369,1.365,3.271,11.266,0.426,R
764120,7536,direto,isco4,6.792,1.452,2.937,1.369,1.365,3.271,11.266,0.426,R
764205,8156,direto,isco4,6.751,1.863,1.773,1.207,1.439,3.965,13.703,3.06,R
764210,8156,direto,isco4,6.751,1.863,1.773,1.207,1.439,3.965,13.703,3.06,R
764305,7536,direto,isco4,6.792,1.452,2.937,1.369,1.365,3.271,11.266,0.426,R
765005,7531,familia,isco4,5.736,1.5,3.358,2.238,2.546,3.662,6.254,2.336,R
765010,7531,direto,isco4,5.736,1.5,3.358,2.238,2.546,3.662,6.254,2.336,R
765015,7531,familia,isco4,5.736,1.5,3.358,2.238,2.546,3.662,6.254,2.336,R
765105,7536,direto,isco4,6.792,1.452,2.937,1.369,1.365,3.271,11.266,0.426,R
765110,7536,familia,isco4,6.792,1.452,2.937,1.369,1.365,3.271,11.266,0.426,R
765205,7534,direto,isco4,6.79,1.686,2.631,1.36,1.086,3.027,11.856,-0.353,R
765215,7533,direto,isco4,6.482,1.397,2.955,1.39,1.577,3.463,10.513,1.189,R
765225,7533,direto,isco4,6.482,1.397,2.955,1.39,1.577,3.463,10.513,1.189,R
765230,7534,direto,isco4,6.79,1.686,2.631,1.36,1.086,3.027,11.856,-0.353,R
765235,7534,direto,isco4,6.79,1.686,2.631,1.36,1.086,3.027,11.856,-0.353,R
765240,7534,familia,isco4,6.79,1.686,2.631,1.36,1.086,3.027,11.856,-0.353,R
765310,8159,direto,isco4,6.287,1.627,2.333,1.133,1.48,4.215,12.34,3.002,R
765315,8159,direto,isco4,6.287,1.627,2.333,1.133,1.48,4.215,12.34,3.002,R
765405,7533,manual,isco4,6.482,1.397,2.955,1.39,1.577,3.463,10.513,1.189,R
766105,7321,direto,isco4,4.526,2.104,2.983,1.696,1.497,5.593,8.878,3.464,C
766115,7321,familia,isco4,4.526,2.104,2.983,1.696,1.497,5.593,8.878,3.464,C
766120,7320,direto,isco3,4.983,1.78,2.233,1.642,1.582,5.448,10.093,5.219,C
766125,7321,direto,isco4,4.526,2.104,2.983,1.696,1.497,5.593,8.878,3.464,C
766130,7321,familia,isco4,4.526,2.104,2.983,1.696,1.497,5.593,8.878,3.464,C
766135,7321,familia,isco4,4.526,2.104,2.983,1.696,1.497,5.593,8.878,3.464,C
766140,7321,familia,isco4,4.526,2.104,2.983,1.696,1.497,5.593,8.878,3.464,C
766145,7321,familia,isco4,4.526,2.104,2.983,1.696,1.497,5.593,8.878,3.464,C
766150,7321,direto,isco4,4.526,2.104,2.983,1.696,1.497,5.593,8.878,3.464,C
766155,7321,familia,isco4,4.526,2.104,2.983,1.696,1.497,5.593,8.878,3.464,C
766205,7322,direto,isco4,4.963,1.427,1.899,1.67,1.717,5.336,9.733,6.447,C
766210,7322,familia,isco4,4.963,1.427,1.899,1.67,1.717,5.336,9.733,6.447,C
766215,7322,direto,isco4,4.963,1.427,1.899,1.67,1.717,5.336,9.733,6.447,C
766220,7322,direto,isco4,4.963,1.427,1.899,1.67,1.717,5.336,9.733,6.447,C
766225,7322,direto,isco4,4.963,1.427,1.899,1.67,1.717,5.336,9.733,6.447,C
766230,7322,direto,isco4,4.963,1.427,1.899,1.67,1.717,5.336,9.733,6.447,C
766235,7322,familia,isco4,4.963,1.427,1.899,1.67,1.717,5.336,9.733,6.447,C
766240,7322,familia,isco4,4.963,1.427,1.899,1.67,1.717,5.336,9.733,6.447,C
766245,7322,direto,isco4,4.963,1.427,1.899,1.67,1.717,5.336,9.733,6.447,C
766250,7322,familia,isco4,4.963,1.427,1.899,1.67,1.717,5.336,9.733,6.447,C
766305,7323,direto,isco4,5.519,1.814,1.766,1.551,1.528,5.411,11.866,5.811,R
766310,7323,direto,isco4,5.519,1.814,1.766,1.551,1.528,5.411,11.866,5.811,R
766315,7323,direto,isco4,5.519,1.814,1.766,1.551,1.528,5.411,11.866,5.811,R
766320,7323,direto,isco4,5.519,1.814,1.766,1.551,1.528,5.411,11.866,5.811,R
766325,7323,familia,isco4,5.519,1.814,1.766,1.551,1.528,5.411,11.866,5.811,R
766405,8132,familia,isco4,4.707,2.057,3.817,1.393,1.767,4.71,7.81,1.044,C
766410,8132,direto,isco4,4.707,2.057,3.817,1.393,1.767,4.71,7.81,1.044,C
766415,8132,direto,isco4,4.707,2.057,3.817,1.393,1.767,4.71,7.81,1.044,C
766420,8132,familia,isco4,4.707,2.057,3.817,1.393,1.767,4.71,7.81,1.044,C
768105,8152,direto,isco4,6.95,1.81,1.56,1.02,1.36,4.28,15.03,3.927,R
768110,8152,direto,isco4,6.95,1.81,1.56,1.02,1.36,4.28,15.03,3.927,R
768115,8152,direto,isco4,6.95,1.81,1.56,1.02,1.36,4.28,15.03,3.927,R
768120,8152,direto,isco4,6.95,1.81,1.56,1.02,1.36,4.28,15.03,3.927,R
768125,8152,direto,isco4,6.95,1.81,1.56,1.02,1.36,4.28,15.03,3.927,R
768130,8152,direto,isco4,6.95,1.81,1.56,1.02,1.36,4.28,15.03,3.927,R
768205,7533,direto,isco4,6.482,1.397,2.955,1.39,1.577,3.463,10.513,1.189,R
768210,7533,direto,isco4,6.482,1.397,2.955,1.39,1.577,3.463,10.513,1.189,R
768305,7536,direto,isco4,6.792,1.452,2.937,1.369,1.365,3.271,11.266,0.426,R
768310,7536,direto,isco4,6.792,1.452,2.937,1.369,1.365,3.271,11.266,0.426,R
768315,7536,direto,isco4,6.792,1.452,2.937,1.369,1.365,3.271,11.266,0.426,R
768320,7536,direto,isco4,6.792,1.452,2.937,1.369,1.365,3.271,11.266,0.426,R
768325,7536,direto,isco4,6.792,1.452,2.937,1.369,1.365,3.271,11.266,0.426,R
768605,7320,direto,isco3,4.983,1.78,2.233,1.642,1.582,5.448,10.093,5.219,C
768610,7320,direto,isco3,4.983,1.78,2.233,1.642,1.582,5.448,10.093,5.219,C
768615,7320,direto,isco3,4.983,1.78,2.233,1.642,1.582,5.448,10.093,5.219,C
768620,7320,direto,isco3,4.983,1.78,2.233,1.642,1.582,5.448,10.093,5.219,C
768625,7322,direto,isco4,4.963,1.427,1.899,1.67,1.717,5.336,9.733,6.447,C
768630,7322,direto,isco4,4.963,1.427,1.899,1.67,1.717,5.336,9.733,6.447,C
768705,7323,direto,isco4,5.519,1.814,1.766,1.551,1.528,5.411,11.866,5.811,R
768710,7323,familia,isco4,5.519,1.814,1.766,1.551,1.528,5.411,11.866,5.811,R
770105,7522,direto,isco4,6.803,1.785,3.583,1.373,1.447,3.195,10.81,-1.257,R
770110,7522,familia,isco4,6.803,1.785,3.583,1.373,1.447,3.195,10.81,-1.257,R
771105,7522,direto,isco4,6.803,1.785,3.583,1.373,1.447,3.195,10.81,-1.257,R
771110,7522,direto,isco4,6.803,1.785,3.583,1.373,1.447,3.195,10.81,-1.257,R
771115,7522,direto,isco4,6.803,1.785,3.583,1.373,1.447,3.195,10.81,-1.257,R
771120,7522,direto,isco4,6.803,1.785,3.583,1.373,1.447,3.195,10.81,-1.257,R
772105,7521,direto,isco4,6.897,2.02,1.08,1.25,1.353,4.227,15.107,4.29,R
772110,7521,direto,isco4,6.897,2.02,1.08,1.25,1.353,4.227,15.107,4.29,R
772115,7521,direto,isco4,6.897,2.02,1.08,1.25,1.353,4.227,15.107,4.29,R
773105,8172,direto,isco4,6.931,2.267,1.081,1.176,1.076,4.097,15.716,3.157,R
773110,8172,direto,isco4,6.931,2.267,1.081,1.176,1.076,4.097,15.716,3.157,R
773115,8172,direto,isco4,6.931,2.267,1.081,1.176,1.076,4.097,15.716,3.157,R
773120,8172,direto,isco4,6.931,2.267,1.081,1.176,1.076,4.097,15.716,3.157,R
773125,8172,direto,isco4,6.931,2.267,1.081,1.176,1.076,4.097,15.716,3.157,R
773130,8172,direto,isco4,6.931,2.267,1.081,1.176,1.076,4.097,15.716,3.157,R
773205,8172,direto,isco4,6.931,2.267,1.081,1.176,1.076,4.097,15.716,3.157,R
773210,8172,direto,isco4,6.931,2.267,1.081,1.176,1.076,4.097,15.716,3.157,R
773215,8172,direto,isco4,6.931,2.267,1.081,1.176,1.076,4.097,15.716,3.157,R
773220,8172,direto,isco4,6.931,2.267,1.081,1.176,1.076,4.097,15.716,3.157,R
773305,7523,familia,isco4,7.0,2.187,1.319,1.151,1.074,3.943,15.435,2.615,R
773310,7523,direto,isco4,7.0,2.187,1.319,1.151,1.074,3.943,15.435,2.615,R
773315,7523,direto,isco4,7.0,2.187,1.319,1.151,1.074,3.943,15.435,2.615,R
773320,7523,direto,isco4,7.0,2.187,1.319,1.151,1.074,3.943,15.435,2.615,R
773325,7523,direto,isco4,7.0,2.187,1.319,1.151,1.074,3.943,15.435,2.615,R
773330,7523,direto,isco4,7.0,2.187,1.319,1.151,1.074,3.943,15.435,2.615,R
773335,7523,direto,isco4,7.0,2.187,1.319,1.151,1.074,3.943,15.435,2.615,R
773340,7523,direto,isco4,7.0,2.187,1.319,1.151,1.074,3.943,15.435,2.615,R
773345,7523,direto,isco4,7.0,2.187,1.319,1.151,1.074,3.943,15.435,2.615,R
773350,7523,direto,isco4,7.0,2.187,1.319,1.151,1.074,3.943,15.435,2.615,R
773355,7523,direto,isco4,7.0,2.187,1.319,1.151,1.074,3.943,15.435,2.615,R
773405,7523,familia,isco4,7.0,2.187,1.319,1.151,1.074,3.943,15.435,2.615,R
773410,7523,familia,isco4,7.0,2.187,1.319,1.151,1.074,3.943,15.435,2.615,R
773415,7523,direto,isco4,7.0,2.187,1.319,1.151,1.074,3.943,15.435,2.615,R
773420,7523,familia,isco4,7.0,2.187,1.319,1.151,1.074,3.943,15.435,2.615,R
773505,7523,manual,isco4,7.0,2.187,1.319,1.151,1.074,3.943,15.435,2.615,R
773510,7523,manual,isco4,7.0,2.187,1.319,1.151,1.074,3.943,15.435,2.615,R
774105,7522,manual,isco4,6.803,1.785,3.583,1.373,1.447,3.195,10.81,-1.257,R
775105,7522,direto,isco4,6.803,1.785,3.583,1.373,1.447,3.195,10.81,-1.257,R
775110,7522,direto,isco4,6.803,1.785,3.583,1.373,1.447,3.195,10.81,-1.257,R
775115,7522,direto,isco4,6.803,1.785,3.583,1.373,1.447,3.195,10.81,-1.257,R
775120,7522,direto,isco4,6.803,1.785,3.583,1.373,1.447,3.195,10.81,-1.257,R
776405,7317,direto,isco4,6.223,1.87,4.295,1.413,2.107,3.478,8.565,-1.003,R
776410,7317,direto,isco4,6.223,1.87,4.295,1.413,2.107,3.478,8.565,-1.003,R
776415,7317,direto,isco4,6.223,1.87,4.295,1.413,2.107,3.478,8.565,-1.003,R
776420,7317,direto,isco4,6.223,1.87,4.295,1.413,2.107,3.478,8.565,-1.003,R
776425,7317,direto,isco4,6.223,1.87,4.295,1.413,2.107,3.478,8.565,-1.003,R
776430,7317,direto,isco4,6.223,1.87,4.295,1.413,2.107,3.478,8.565,-1.003,R
777105,7115,direto,isco4,6.764,2.02,1.668,1.717,1.409,3.84,12.877,2.701,R
777110,7115,direto,isco4,6.764,2.02,1.668,1.717,1.409,3.84,12.877,2.701,R
777115,7115,direto,isco4,6.764,2.02,1.668,1.717,1.409,3.84,12.877,2.701,R
777205,7115,direto,isco4,6.764,2.02,1.668,1.717,1.409,3.84,12.877,2.701,R
777210,7115,direto,isco4,6.764,2.02,1.668,1.717,1.409,3.84,12.877,2.701,R
780105,3122,manual,isco4,4.161,1.755,1.031,2.829,6.163,5.07,2.296,14.614,E
781105,3139,manual,isco4,6.193,2.533,1.2,1.55,2.13,4.573,13.063,5.138,R
781110,3139,manual,isco4,6.193,2.533,1.2,1.55,2.13,4.573,13.063,5.138,R
781305,3153,manual,isco4,5.059,3.216,1.331,2.315,3.495,4.71,8.588,6.329,R
781310,3153,manual,isco4,5.059,3.216,1.331,2.315,3.495,4.71,8.588,6.329,R
781705,7541,direto,isco4,7.0,3.6,1.35,1.1,1.66,3.1,15.49,-0.329,R
782105,8343,direto,isco4,6.945,1.885,1.035,1.32,1.375,3.635,14.36,3.616,R
782110,8343,direto,isco4,6.945,1.885,1.035,1.32,1.375,3.635,14.36,3.616,R
782115,8343,direto,isco4,6.945,1.885,1.035,1.32,1.375,3.635,14.36,3.616,R
782120,8343,direto,isco4,6.945,1.885,1.035,1.32,1.375,3.635,14.36,3.616,R
782125,8343,direto,isco4,6.945,1.885,1.035,1.32,1.375,3.635,14.36,3.616,R
782130,8343,direto,isco4,6.945,1.885,1.035,1.32,1.375,3.635,14.36,3.616,R
782135,8343,direto,isco4,6.945,1.885,1.035,1.32,1.375,3.635,14.36,3.616,R
782140,8343,direto,isco4,6.945,1.885,1.035,1.32,1.375,3.635,14.36,3.616,R
782145,8343,direto,isco4,6.945,1.885,1.035,1.32,1.375,3.635,14.36,3.616,R
782205,8343,direto,isco4,6.945,1.885,1.035,1.32,1.375,3.635,14.36,3.616,R
782210,8343,direto,isco4,6.945,1.885,1.035,1.32,1.375,3.635,14.36,3.616,R
782220,8344,direto,isco4,7.0,1.78,1.0,1.11,1.23,3.71,15.04,3.737,R
782305,8322,direto,isco4,5.959,1.183,1.012,2.905,2.444,4.531,8.367,8.269,R
782310,8322,direto,isco4,5.959,1.183,1.012,2.905,2.444,4.531,8.367,8.269,R
782315,8322,direto,isco4,5.959,1.183,1.012,2.905,2.444,4.531,8.367,8.269,R
782320,8322,familia,isco4,5.959,1.183,1.012,2.905,2.444,4.531,8.367,8.269,R
782405,8331,manual,isco4,5.965,1.195,1.032,3.294,2.382,4.489,7.611,8.035,R
782410,8331,manual,isco4,5.965,1.195,1.032,3.294,2.382,4.489,7.611,8.035,R
782415,8331,manual,isco4,5.965,1.195,1.032,3.294,2.382,4.489,7.611,8.035,R
782420,8331,manual,isco4,5.965,1.195,1.032,3.294,2.382,4.489,7.611,8.035,R
782505,8332,familia,isco4,6.655,1.749,1.023,1.689,1.863,4.184,12.979,5.664,R
782510,8332,direto,isco4,6.655,1.749,1.023,1.689,1.863,4.184,12.979,5.664,R
782515,8332,familia,isco4,6.655,1.749,1.023,1.689,1.863,4.184,12.979,5.664,R
782605,8311,familia,isco4,6.455,2.43,1.0,2.325,2.085,4.455,12.06,5.38,R
782610,8311,direto,isco4,6.455,2.43,1.0,2.325,2.085,4.455,12.06,5.38,R
782615,8311,direto,isco4,6.455,2.43,1.0,2.325,2.085,4.455,12.06,5.38,R
782620,8311,direto,isco4,6.455,2.43,1.0,2.325,2.085,4.455,12.06,5.38,R
782625,8311,direto,isco4,6.455,2.43,1.0,2.325,2.085,4.455,12.06,5.38,R
782630,8311,familia,isco4,6.455,2.43,1.0,2.325,2.085,4.455,12.06,5.38,R
782705,8350,familia,isco4,6.929,2.498,1.027,1.277,2.403,3.778,14.15,4.596,R
782710,8350,familia,isco4,6.929,2.498,1.027,1.277,2.403,3.778,14.15,4.596,R
782715,8350,direto,isco4,6.929,2.498,1.027,1.277,2.403,3.778,14.15,4.596,R
782720,8350,familia,isco4,6.929,2.498,1.027,1.277,2.403,3.778,14.15,4.596,R
782725,8350,familia,isco4,6.929,2.498,1.027,1.277,2.403,3.778,14.15,4.596,R
782730,8350,familia,isco4,6.929,2.498,1.027,1.277,2.403,3.778,14.15,4.596,R
782735,8350,familia,isco4,6.929,2.498,1.027,1.277,2.403,3.778,14.15,4.596,R
782805,9332,direto,isco3,4.929,1.136,1.008,2.279,3.064,5.411,7.773,10.953,C
782810,9332,direto,isco3,4.929,1.136,1.008,2.279,3.064,5.411,7.773,10.953,C
782815,9332,familia,isco3,4.929,1.136,1.008,2.279,3.064,5.411,7.773,10.953,C
782820,9332,familia,isco3,4.929,1.136,1.008,2.279,3.064,5.411,7.773,10.953,C
783105,9333,manual,isco4,5.084,1.183,1.011,2.195,3.017,5.349,8.282,10.678,C
783110,9621,manual,isco4,3.773,1.0,1.38,4.48,3.727,4.553,-0.967,10.207,C
783205,9333,direto,isco4,5.084,1.183,1.011,2.195,3.017,5.349,8.282,10.678,C
783210,9333,direto,isco4,5.084,1.183,1.011,2.195,3.017,5.349,8.282,10.678,C
783215,9333,direto,isco4,5.084,1.183,1.011,2.195,3.017,5.349,8.282,10.678,C
783220,9333,direto,isco4,5.084,1.183,1.011,2.195,3.017,5.349,8.282,10.678,C
783225,9333,direto,isco4,5.084,1.183,1.011,2.195,3.017,5.349,8.282,10.678,C
783230,9333,familia,isco4,5.084,1.183,1.011,2.195,3.017,5.349,8.282,10.678,C
783235,9333,familia,isco4,5.084,1.183,1.011,2.195,3.017,5.349,8.282,10.678,C
783240,9333,familia,isco4,5.084,1.183,1.011,2.195,3.017,5.349,8.282,10.678,C
784105,8189,direto,isco4,6.687,1.963,1.053,1.0,1.103,4.38,15.56,4.267,R
784110,8189,direto,isco4,6.687,1.963,1.053,1.0,1.103,4.38,15.56,4.267,R
784115,8189,direto,isco4,6.687,1.963,1.053,1.0,1.103,4.38,15.56,4.267,R
784120,8189,direto,isco4,6.687,1.963,1.053,1.0,1.103,4.38,15.56,4.267,R
784125,8189,direto,isco4,6.687,1.963,1.053,1.0,1.103,4.38,15.56,4.267,R
784205,9329,direto,isco4,6.54,1.3,1.14,1.67,1.89,4.4,12.41,6.661,R
791105,7319,manual,isco3,6.351,2.348,3.236,1.359,1.593,3.703,11.206,-0.496,R
791110,7319,manual,isco3,6.351,2.348,3.236,1.359,1.593,3.703,11.206,-0.496,R
791115,7319,manual,isco3,6.351,2.348,3.236,1.359,1.593,3.703,11.206,-0.496,R
791120,7319,manual,isco3,6.351,2.348,3.236,1.359,1.593,3.703,11.206,-0.496,R
791125,7319,manual,isco3,6.351,2.348,3.236,1.359,1.593,3.703,11.206,-0.496,R
791130,7319,manual,isco3,6.351,2.348,3.236,1.359,1.593,3.703,11.206,-0.496,R
791135,7319,manual,isco3,6.351,2.348,3.236,1.359,1.593,3.703,11.206,-0.496,R
791140,7319,manual,isco3,6.351,2.348,3.236,1.359,1.593,3.703,11.206,-0.496,R
791145,7319,manual,isco3,6.351,2.348,3.236,1.359,1.593,3.703,11.206,-0.496,R
791150,7319,manual,isco3,6.351,2.348,3.236,1.359,1.593,3.703,11.206,-0.496,R
791155,7319,manual,isco3,6.351,2.348,3.236,1.359,1.593,3.703,11.206,-0.496,R
791160,7319,manual,isco3,6.351,2.348,3.236,1.359,1.593,3.703,11.206,-0.496,R
810105,8131,direto,isco4,6.556,2.435,1.061,1.149,1.391,4.492,15.289,4.129,R
810110,8131,direto,isco4,6.556,2.435,1.061,1.149,1.391,4.492,15.289,4.129,R
810205,8142,direto,isco4,6.717,2.145,1.447,1.095,1.162,4.026,14.806,2.761,R
810305,3122,manual,isco4,4.161,1.755,1.031,2.829,6.163,5.07,2.296,14.614,E
811005,8131,familia,isco4,6.556,2.435,1.061,1.149,1.391,4.492,15.289,4.129,R
811010,8131,direto,isco4,6.556,2.435,1.061,1.149,1.391,4.492,15.289,4.129,R
811105,8131,direto,isco4,6.556,2.435,1.061,1.149,1.391,4.492,15.289,4.129,R
811110,8131,direto,isco4,6.556,2.435,1.061,1.149,1.391,4.492,15.289,4.129,R
811115,8131,direto,isco4,6.556,2.435,1.061,1.149,1.391,4.492,15.289,4.129,R
811120,8131,direto,isco4,6.556,2.435,1.061,1.149,1.391,4.492,15.289,4.129,R
811125,8131,direto,isco4,6.556,2.435,1.061,1.149,1.391,4.492,15.289,4.129,R
811130,8131,direto,isco4,6.556,2.435,1.061,1.149,1.391,4.492,15.289,4.129,R
811205,8131,direto,isco4,6.556,2.435,1.061,1.149,1.391,4.492,15.289,4.129,R
811215,8131,direto,isco4,6.556,2.435,1.061,1.149,1.391,4.492,15.289,4.129,R
811305,8131,direto,isco4,6.556,2.435,1.061,1.149,1.391,4.492,15.289,4.129,R
811310,8131,familia,isco4,6.556,2.435,1.061,1.149,1.391,4.492,15.289,4.129,R
811315,8131,direto,isco4,6.556,2.435,1.061,1.149,1.391,4.492,15.289,4.129,R
811320,8131,direto,isco4,6.556,2.435,1.061,1.149,1.391,4.492,15.289,4.129,R
811325,8131,familia,isco4,6.556,2.435,1.061,1.149,1.391,4.492,15.289,4.129,R
811330,8131,direto,isco4,6.556,2.435,1.061,1.149,1.391,4.492,15.289,4.129,R
811335,8131,direto,isco4,6.556,2.435,1.061,1.149,1.391,4.492,15.289,4.129,R
811405,8131,direto,isco4,6.556,2.435,1.061,1.149,1.391,4.492,15.289,4.129,R
811410,8131,direto,isco4,6.556,2.435,1.061,1.149,1.391,4.492,15.289,4.129,R
811415,8131,direto,isco4,6.556,2.435,1.061,1.149,1.391,4.492,15.289,4.129,R
811420,8131,direto,isco4,6.556,2.435,1.061,1.149,1.391,4.492,15.289,4.129,R
811425,8131,direto,isco4,6.556,2.435,1.061,1.149,1.391,4.492,15.289,4.129,R
811430,8131,direto,isco4,6.556,2.435,1.061,1.149,1.391,4.492,15.289,4.129,R
811505,8131,direto,isco4,6.556,2.435,1.061,1.149,1.391,4.492,15.289,4.129,R
811510,8131,direto,isco4,6.556,2.435,1.061,1.149,1.391,4.492,15.289,4.129,R
811605,8131,direto,isco4,6.556,2.435,1.061,1.149,1.391,4.492,15.289,4.129,R
811610,8131,direto,isco4,6.556,2.435,1.061,1.149,1.391,4.492,15.289,4.129,R
811615,8131,direto,isco4,6.556,2.435,1.061,1.149,1.391,4.492,15.289,4.129,R
811620,8131,direto,isco4,6.556,2.435,1.061,1.149,1.391,4.492,15.289,4.129,R
811625,8131,direto,isco4,6.556,2.435,1.061,1.149,1.391,4.492,15.289,4.129,R
811630,8131,direto,isco4,6.556,2.435,1.061,1.149,1.391,4.492,15.289,4.129,R
811635,8131,direto,isco4,6.556,2.435,1.061,1.149,1.391,4.492,15.289,4.129,R
811640,8131,familia,isco4,6.556,2.435,1.061,1.149,1.391,4.492,15.289,4.129,R
811645,8131,direto,isco4,6.556,2.435,1.061,1.149,1.391,4.492,15.289,4.129,R
811650,8131,direto,isco4,6.556,2.435,1.061,1.149,1.391,4.492,15.289,4.129,R
811705,8141,direto,isco4,6.831,2.166,1.043,1.274,1.269,3.956,14.924,3.487,R
811710,8141,direto,isco4,6.831,2.166,1.043,1.274,1.269,3.956,14.924,3.487,R
811715,8141,direto,isco4,6.831,2.166,1.043,1.274,1.269,3.956,14.924,3.487,R
811725,8131,direto,isco4,6.556,2.435,1.061,1.149,1.391,4.492,15.289,4.129,R
811735,8131,direto,isco4,6.556,2.435,1.061,1.149,1.391,4.492,15.289,4.129,R
811745,8142,direto,isco4,6.717,2.145,1.447,1.095,1.162,4.026,14.806,2.761,R
811750,8141,direto,isco4,6.831,2.166,1.043,1.274,1.269,3.956,14.924,3.487,R
811760,8142,direto,isco4,6.717,2.145,1.447,1.095,1.162,4.026,14.806,2.761,R
811770,8142,direto,isco4,6.717,2.145,1.447,1.095,1.162,4.026,14.806,2.761,R
811775,8141,direto,isco4,6.831,2.166,1.043,1.274,1.269,3.956,14.924,3.487,R
811805,8131,familia,isco4,6.556,2.435,1.061,1.149,1.391,4.492,15.289,4.129,R
811810,8131,direto,isco4,6.556,2.435,1.061,1.149,1.391,4.492,15.289,4.129,R
811815,8131,familia,isco4,6.556,2.435,1.061,1.149,1.391,4.492,15.289,4.129,R
811820,8131,familia,isco4,6.556,2.435,1.061,1.149,1.391,4.492,15.289,4.129,R
812105,8131,direto,isco4,6.556,2.435,1.061,1.149,1.391,4.492,15.289,4.129,R
812110,8131,familia,isco4,6.556,2.435,1.061,1.149,1.391,4.492,15.289,4.129,R
813105,8131,manual,isco4,6.556,2.435,1.061,1.149,1.391,4.492,15.289,4.129,R
813110,8131,manual,isco4,6.556,2.435,1.061,1.149,1.391,4.492,15.289,4.129,R
813115,8131,manual,isco4,6.556,2.435,1.061,1.149,1.391,4.492,15.289,4.129,R
813120,8131,manual,isco4,6.556,2.435,1.061,1.149,1.391,4.492,15.289,4.129,R
813125,8131,manual,isco4,6.556,2.435,1.061,1.149,1.391,4.492,15.289,4.129,R
813130,8131,manual,isco4,6.556,2.435,1.061,1.149,1.391,4.492,15.289,4.129,R
818105,5320,familia,isco3,4.754,3.326,1.22,5.132,1.769,4.409,3.989,2.821,S
818110,5320,direto,isco3,4.754,3.326,1.22,5.132,1.769,4.409,3.989,2.821,S
820105,3135,manual,isco4,6.85,2.475,1.025,1.29,1.0,4.02,15.59,2.63,R
820110,3135,manual,isco4,6.85,2.475,1.025,1.29,1.0,4.02,15.59,2.63,R
820115,3135,manual,isco4,6.85,2.475,1.025,1.29,1.0,4.02,15.59,2.63,R
820120,3135,manual,isco4,6.85,2.475,1.025,1.29,1.0,4.02,15.59,2.63,R
820125,3135,manual,isco4,6.85,2.475,1.025,1.29,1.0,4.02,15.59,2.63,R
820205,3122,manual,isco4,4.161,1.755,1.031,2.829,6.163,5.07,2.296,14.614,E
820210,3122,manual,isco4,4.161,1.755,1.031,2.829,6.163,5.07,2.296,14.614,E
821105,8122,familia,isco4,6.96,2.066,1.372,1.042,1.058,4.13,15.602,3.027,R
821110,8122,direto,isco4,6.96,2.066,1.372,1.042,1.058,4.13,15.602,3.027,R
821205,8121,direto,isco4,6.765,2.249,1.156,1.111,1.102,4.164,15.462,3.219,R
821210,8121,direto,isco4,6.765,2.249,1.156,1.111,1.102,4.164,15.462,3.219,R
821215,8121,direto,isco4,6.765,2.249,1.156,1.111,1.102,4.164,15.462,3.219,R
821220,8121,direto,isco4,6.765,2.249,1.156,1.111,1.102,4.164,15.462,3.219,R
821225,8121,direto,isco4,6.765,2.249,1.156,1.111,1.102,4.164,15.462,3.219,R
821230,8121,direto,isco4,6.765,2.249,1.156,1.111,1.102,4.164,15.462,3.219,R
821235,8121,direto,isco4,6.765,2.249,1.156,1.111,1.102,4.164,15.462,3.219,R
821240,8121,direto,isco4,6.765,2.249,1.156,1.111,1.102,4.164,15.462,3.219,R
821245,8121,direto,isco4,6.765,2.249,1.156,1.111,1.102,4.164,15.462,3.219,R
821250,8121,direto,isco4,6.765,2.249,1.156,1.111,1.102,4.164,15.462,3.219,R
821255,8121,direto,isco4,6.765,2.249,1.156,1.111,1.102,4.164,15.462,3.219,R
821305,8121,direto,isco4,6.765,2.249,1.156,1.111,1.102,4.164,15.462,3.219,R
821310,8121,direto,isco4,6.765,2.249,1.156,1.111,1.102,4.164,15.462,3.219,R
821315,8121,direto,isco4,6.765,2.249,1.156,1.111,1.102,4.164,15.462,3.219,R
821320,8121,direto,isco4,6.765,2.249,1.156,1.111,1.102,4.164,15.462,3.219,R
821325,8121,direto,isco4,6.765,2.249,1.156,1.111,1.102,4.164,15.462,3.219,R
821330,8121,direto,isco4,6.765,2.249,1.156,1.111,1.102,4.164,15.462,3.219,R
821335,8121,direto,isco4,6.765,2.249,1.156,1.111,1.102,4.164,15.462,3.219,R
821405,8122,direto,isco4,6.96,2.066,1.372,1.042,1.058,4.13,15.602,3.027,R
821410,8122,direto,isco4,6.96,2.066,1.372,1.042,1.058,4.13,15.602,3.027,R
821415,8122,direto,isco4,6.96,2.066,1.372,1.042,1.058,4.13,15.602,3.027,R
821420,8122,direto,isco4,6.96,2.066,1.372,1.042,1.058,4.13,15.602,3.027,R
821425,8122,direto,isco4,6.96,2.066,1.372,1.042,1.058,4.13,15.602,3.027,R
821430,8122,direto,isco4,6.96,2.066,1.372,1.042,1.058,4.13,15.602,3.027,R
821435,8122,direto,isco4,6.96,2.066,1.372,1.042,1.058,4.13,15.602,3.027,R
821440,8122,direto,isco4,6.96,2.066,1.372,1.042,1.058,4.13,15.602,3.027,R
821445,8122,direto,isco4,6.96,2.066,1.372,1.042,1.058,4.13,15.602,3.027,R
821450,8122,direto,isco4,6.96,2.066,1.372,1.042,1.058,4.13,15.602,3.027,R
822105,8121,direto,isco4,6.765,2.249,1.156,1.111,1.102,4.164,15.462,3.219,R
822110,8121,direto,isco4,6.765,2.249,1.156,1.111,1.102,4.164,15.462,3.219,R
822115,8121,direto,isco4,6.765,2.249,1.156,1.111,1.102,4.164,15.462,3.219,R
822120,8121,direto,isco4,6.765,2.249,1.156,1.111,1.102,4.164,15.462,3.219,R
822125,8121,direto,isco4,6.765,2.249,1.156,1.111,1.102,4.164,15.462,3.219,R
823105,8181,direto,isco4,6.804,1.995,1.448,1.134,1.32,4.198,14.764,3.59,R
823110,8181,direto,isco4,6.804,1.995,1.448,1.134,1.32,4.198,14.764,3.59,R
823115,8181,direto,isco4,6.804,1.995,1.448,1.134,1.32,4.198,14.764,3.59,R
823120,8181,direto,isco4,6.804,1.995,1.448,1.134,1.32,4.198,14.764,3.59,R
823125,8181,direto,isco4,6.804,1.995,1.448,1.134,1.32,4.198,14.764,3.59,R
823130,8181,direto,isco4,6.804,1.995,1.448,1.134,1.32,4.198,14.764,3.59,R
823135,8181,familia,isco4,6.804,1.995,1.448,1.134,1.32,4.198,14.764,3.59,R
823210,8181,direto,isco4,6.804,1.995,1.448,1.134,1.32,4.198,14.764,3.59,R
823215,8181,direto,isco4,6.804,1.995,1.448,1.134,1.32,4.198,14.764,3.59,R
823220,8181,direto,isco4,6.804,1.995,1.448,1.134,1.32,4.198,14.764,3.59,R
823230,8181,direto,isco4,6.804,1.995,1.448,1.134,1.32,4.198,14.764,3.59,R
823235,8181,direto,isco4,6.804,1.995,1.448,1.134,1.32,4.198,14.764,3.59,R
823240,8181,direto,isco4,6.804,1.995,1.448,1.134,1.32,4.198,14.764,3.59,R
823245,8181,direto,isco4,6.804,1.995,1.448,1.134,1.32,4.198,14.764,3.59,R
823250,8181,direto,isco4,6.804,1.995,1.448,1.134,1.32,4.198,14.764,3.59,R
823255,8181,direto,isco4,6.804,1.995,1.448,1.134,1.32,4.198,14.764,3.59,R
823265,8181,direto,isco4,6.804,1.995,1.448,1.134,1.32,4.198,14.764,3.59,R
823305,8114,direto,isco4,6.86,2.023,1.58,1.101,1.13,3.757,14.587,2.222,R
823315,8181,direto,isco4,6.804,1.995,1.448,1.134,1.32,4.198,14.764,3.59,R
823320,8114,direto,isco4,6.86,2.023,1.58,1.101,1.13,3.757,14.587,2.222,R
823325,8114,direto,isco4,6.86,2.023,1.58,1.101,1.13,3.757,14.587,2.222,R
823330,8114,direto,isco4,6.86,2.023,1.58,1.101,1.13,3.757,14.587,2.222,R
828105,7314,direto,isco4,6.84,1.937,2.012,1.007,1.095,3.867,14.363,1.753,R
828110,7314,direto,isco4,6.84,1.937,2.012,1.007,1.095,3.867,14.363,1.753,R
830105,8143,direto,isco4,6.543,1.791,1.185,1.0,1.334,4.497,14.855,4.939,R
831105,8171,direto,isco4,6.441,1.952,1.331,1.079,1.264,4.509,14.59,4.308,R
831110,8171,direto,isco4,6.441,1.952,1.331,1.079,1.264,4.509,14.59,4.308,R
831115,8171,direto,isco4,6.441,1.952,1.331,1.079,1.264,4.509,14.59,4.308,R
831120,8171,direto,isco4,6.441,1.952,1.331,1.079,1.264,4.509,14.59,4.308,R
831125,8171,direto,isco4,6.441,1.952,1.331,1.079,1.264,4.509,14.59,4.308,R
832105,8171,direto,isco4,6.441,1.952,1.331,1.079,1.264,4.509,14.59,4.308,R
832110,8171,direto,isco4,6.441,1.952,1.331,1.079,1.264,4.509,14.59,4.308,R
832115,8171,direto,isco4,6.441,1.952,1.331,1.079,1.264,4.509,14.59,4.308,R
832120,8171,direto,isco4,6.441,1.952,1.331,1.079,1.264,4.509,14.59,4.308,R
832125,8171,direto,isco4,6.441,1.952,1.331,1.079,1.264,4.509,14.59,4.308,R
832135,8171,direto,isco4,6.441,1.952,1.331,1.079,1.264,4.509,14.59,4.308,R
833105,8143,direto,isco4,6.543,1.791,1.185,1.0,1.334,4.497,14.855,4.939,R
833110,8143,direto,isco4,6.543,1.791,1.185,1.0,1.334,4.497,14.855,4.939,R
833115,8143,direto,isco4,6.543,1.791,1.185,1.0,1.334,4.497,14.855,4.939,R
833120,8143,direto,isco4,6.543,1.791,1.185,1.0,1.334,4.497,14.855,4.939,R
833125,8143,direto,isco4,6.543,1.791,1.185,1.0,1.334,4.497,14.855,4.939,R
833205,8219,direto,isco4,6.183,2.147,1.966,1.52,2.176,4.037,11.369,3.633,R
840105,7515,direto,isco4,5.569,3.69,1.416,1.664,2.18,5.041,12.945,3.659,R
840110,7515,familia,isco4,5.569,3.69,1.416,1.664,2.18,5.041,12.945,3.659,R
840115,7515,familia,isco4,5.569,3.69,1.416,1.664,2.18,5.041,12.945,3.659,R
840120,7512,direto,isco4,6.29,1.66,2.39,1.73,2.1,4.2,10.49,3.893,R
841105,8160,direto,isco4,6.482,2.039,1.261,1.224,1.593,4.459,14.16,4.76,R
841110,8160,direto,isco4,6.482,2.039,1.261,1.224,1.593,4.459,14.16,4.76,R
841115,8160,direto,isco4,6.482,2.039,1.261,1.224,1.593,4.459,14.16,4.76,R
841205,8160,familia,isco4,6.482,2.039,1.261,1.224,1.593,4.459,14.16,4.76,R
841210,8160,direto,isco4,6.482,2.039,1.261,1.224,1.593,4.459,14.16,4.76,R
841305,8160,direto,isco4,6.482,2.039,1.261,1.224,1.593,4.459,14.16,4.76,R
841310,8160,direto,isco4,6.482,2.039,1.261,1.224,1.593,4.459,14.16,4.76,R
841315,8160,direto,isco4,6.482,2.039,1.261,1.224,1.593,4.459,14.16,4.76,R
841320,8160,direto,isco4,6.482,2.039,1.261,1.224,1.593,4.459,14.16,4.76,R
841408,8160,direto,isco4,6.482,2.039,1.261,1.224,1.593,4.459,14.16,4.76,R
841416,8160,direto,isco4,6.482,2.039,1.261,1.224,1.593,4.459,14.16,4.76,R
841420,8160,direto,isco4,6.482,2.039,1.261,1.224,1.593,4.459,14.16,4.76,R
841428,8160,direto,isco4,6.482,2.039,1.261,1.224,1.593,4.459,14.16,4.76,R
841432,8160,direto,isco4,6.482,2.039,1.261,1.224,1.593,4.459,14.16,4.76,R
841440,8160,direto,isco4,6.482,2.039,1.261,1.224,1.593,4.459,14.16,4.76,R
841444,8160,direto,isco4,6.482,2.039,1.261,1.224,1.593,4.459,14.16,4.76,R
841448,8160,direto,isco4,6.482,2.039,1.261,1.224,1.593,4.459,14.16,4.76,R
841456,8160,direto,isco4,6.482,2.039,1.261,1.224,1.593,4.459,14.16,4.76,R
841460,8160,direto,isco4,6.482,2.039,1.261,1.224,1.593,4.459,14.16,4.76,R
841464,8160,direto,isco4,6.482,2.039,1.261,1.224,1.593,4.459,14.16,4.76,R
841468,8160,direto,isco4,6.482,2.039,1.261,1.224,1.593,4.459,14.16,4.76,R
841472,8160,direto,isco4,6.482,2.039,1.261,1.224,1.593,4.459,14.16,4.76,R
841476,8160,direto,isco4,6.482,2.039,1.261,1.224,1.593,4.459,14.16,4.76,R
841484,8160,direto,isco4,6.482,2.039,1.261,1.224,1.593,4.459,14.16,4.76,R
841505,8160,direto,isco4,6.482,2.039,1.261,1.224,1.593,4.459,14.16,4.76,R
841605,8160,direto,isco4,6.482,2.039,1.261,1.224,1.593,4.459,14.16,4.76,R
841610,8160,direto,isco4,6.482,2.039,1.261,1.224,1.593,4.459,14.16,4.76,R
841615,8160,direto,isco4,6.482,2.039,1.261,1.224,1.593,4.459,14.16,4.76,R
841620,8160,direto,isco4,6.482,2.039,1.261,1.224,1.593,4.459,14.16,4.76,R
841625,8160,direto,isco4,6.482,2.039,1.261,1.224,1.593,4.459,14.16,4.76,R
841630,8160,direto,isco4,6.482,2.039,1.261,1.224,1.593,4.459,14.16,4.76,R
841705,8160,direto,isco4,6.482,2.039,1.261,1.224,1.593,4.459,14.16,4.76,R
841710,8160,direto,isco4,6.482,2.039,1.261,1.224,1.593,4.459,14.16,4.76,R
841715,8160,direto,isco4,6.482,2.039,1.261,1.224,1.593,4.459,14.16,4.76,R
841720,8160,direto,isco4,6.482,2.039,1.261,1.224,1.593,4.459,14.16,4.76,R
841725,8160,direto,isco4,6.482,2.039,1.261,1.224,1.593,4.459,14.16,4.76,R
841730,8160,direto,isco4,6.482,2.039,1.261,1.224,1.593,4.459,14.16,4.76,R
841735,8160,direto,isco4,6.482,2.039,1.261,1.224,1.593,4.459,14.16,4.76,R
841740,8160,direto,isco4,6.482,2.039,1.261,1.224,1.593,4.459,14.16,4.76,R
841745,8160,direto,isco4,6.482,2.039,1.261,1.224,1.593,4.459,14.16,4.76,R
841805,8160,direto,isco4,6.482,2.039,1.261,1.224,1.593,4.459,14.16,4.76,R
841810,8160,familia,isco4,6.482,2.039,1.261,1.224,1.593,4.459,14.16,4.76,R
841815,8160,direto,isco4,6.482,2.039,1.261,1.224,1.593,4.459,14.16,4.76,R
842105,7516,direto,isco4,5.64,2.48,1.67,1.5,2.16,5.0,11.93,5.207,R
842110,7516,familia,isco4,5.64,2.48,1.67,1.5,2.16,5.0,11.93,5.207,R
842115,7516,direto,isco4,5.64,2.48,1.67,1.5,2.16,5.0,11.93,5.207,R
842120,7516,familia,isco4,5.64,2.48,1.67,1.5,2.16,5.0,11.93,5.207,R
842125,8160,direto,isco4,6.482,2.039,1.261,1.224,1.593,4.459,14.16,4.76,R
842135,7516,familia,isco4,5.64,2.48,1.67,1.5,2.16,5.0,11.93,5.207,R
842205,8160,familia,isco4,6.482,2.039,1.261,1.224,1.593,4.459,14.16,4.76,R
842210,8160,direto,isco4,6.482,2.039,1.261,1.224,1.593,4.459,14.16,4.76,R
842215,8160,familia,isco4,6.482,2.039,1.261,1.224,1.593,4.459,14.16,4.76,R
842220,8160,familia,isco4,6.482,2.039,1.261,1.224,1.593,4.459,14.16,4.76,R
842225,8160,familia,isco4,6.482,2.039,1.261,1.224,1.593,4.459,14.16,4.76,R
842230,8160,direto,isco4,6.482,2.039,1.261,1.224,1.593,4.459,14.16,4.76,R
842235,8160,familia,isco4,6.482,2.039,1.261,1.224,1.593,4.459,14.16,4.76,R
848105,7511,direto,isco4,6.652,1.775,1.343,1.623,2.06,3.816,12.246,4.771,R
848110,7511,direto,isco4,6.652,1.775,1.343,1.623,2.06,3.816,12.246,4.771,R
848115,7511,direto,isco4,6.652,1.775,1.343,1.623,2.06,3.816,12.246,4.771,R
848205,7513,direto,isco3,6.242,2.356,1.492,1.617,2.076,4.292,12.33,4.361,R
848210,7513,direto,isco3,6.242,2.356,1.492,1.617,2.076,4.292,12.33,4.361,R
848215,7513,direto,isco3,6.242,2.356,1.492,1.617,2.076,4.292,12.33,4.361,R
848305,7512,direto,isco4,6.29,1.66,2.39,1.73,2.1,4.2,10.49,3.893,R
848310,7512,direto,isco4,6.29,1.66,2.39,1.73,2.1,4.2,10.49,3.893,R
848315,7512,direto,isco4,6.29,1.66,2.39,1.73,2.1,4.2,10.49,3.893,R
848325,7512,direto,isco4,6.29,1.66,2.39,1.73,2.1,4.2,10.49,3.893,R
848405,7515,direto,isco4,5.569,3.69,1.416,1.664,2.18,5.041,12.945,3.659,R
848410,7515,direto,isco4,5.569,3.69,1.416,1.664,2.18,5.041,12.945,3.659,R
848415,7515,direto,isco4,5.569,3.69,1.416,1.664,2.18,5.041,12.945,3.659,R
848420,7515,direto,isco4,5.569,3.69,1.416,1.664,2.18,5.041,12.945,3.659,R
848425,7515,familia,isco4,5.569,3.69,1.416,1.664,2.18,5.041,12.945,3.659,R
848505,7511,direto,isco4,6.652,1.775,1.343,1.623,2.06,3.816,12.246,4.771,R
848510,7511,direto,isco4,6.652,1.775,1.343,1.623,2.06,3.816,12.246,4.771,R
848515,7511,direto,isco4,6.652,1.775,1.343,1.623,2.06,3.816,12.246,4.771,R
848520,7511,direto,isco4,6.652,1.775,1.343,1.623,2.06,3.816,12.246,4.771,R
848525,7511,direto,isco4,6.652,1.775,1.343,1.623,2.06,3.816,12.246,4.771,R
848605,7516,manual,isco4,5.64,2.48,1.67,1.5,2.16,5.0,11.93,5.207,R
860105,7421,direto,isco4,6.668,3.057,1.088,1.34,1.39,4.969,16.204,3.83,R
860110,3132,direto,isco4,6.695,2.482,1.001,1.415,1.502,4.484,15.022,4.329,R
860115,3131,direto,isco4,6.511,3.083,1.0,1.421,1.977,4.984,15.272,4.978,R
861105,3131,direto,isco4,6.511,3.083,1.0,1.421,1.977,4.984,15.272,4.978,R
861110,3131,direto,isco4,6.511,3.083,1.0,1.421,1.977,4.984,15.272,4.978,R
861115,3131,direto,isco4,6.511,3.083,1.0,1.421,1.977,4.984,15.272,4.978,R
861120,3131,direto,isco4,6.511,3.083,1.0,1.421,1.977,4.984,15.272,4.978,R
861205,3131,direto,isco4,6.511,3.083,1.0,1.421,1.977,4.984,15.272,4.978,R
862105,8182,direto,isco4,7.0,2.877,1.0,1.067,1.147,4.173,16.77,2.497,R
862110,8182,direto,isco4,7.0,2.877,1.0,1.067,1.147,4.173,16.77,2.497,R
862115,8182,direto,isco4,7.0,2.877,1.0,1.067,1.147,4.173,16.77,2.497,R
862120,8182,direto,isco4,7.0,2.877,1.0,1.067,1.147,4.173,16.77,2.497,R
862130,8182,direto,isco4,7.0,2.877,1.0,1.067,1.147,4.173,16.77,2.497,R
862140,3132,direto,isco4,6.695,2.482,1.001,1.415,1.502,4.484,15.022,4.329,R
862150,3132,direto,isco4,6.695,2.482,1.001,1.415,1.502,4.484,15.022,4.329,R
862155,8182,direto,isco4,7.0,2.877,1.0,1.067,1.147,4.173,16.77,2.497,R
862160,8182,familia,isco4,7.0,2.877,1.0,1.067,1.147,4.173,16.77,2.497,R
862205,3132,direto,isco4,6.695,2.482,1.001,1.415,1.502,4.484,15.022,4.329,R
862305,3132,direto,isco4,6.695,2.482,1.001,1.415,1.502,4.484,15.022,4.329,R
862310,3132,direto,isco4,6.695,2.482,1.001,1.415,1.502,4.484,15.022,4.329,R
862405,3132,direto,isco4,6.695,2.482,1.001,1.415,1.502,4.484,15.022,4.329,R
862505,3132,direto,isco4,6.695,2.482,1.001,1.415,1.502,4.484,15.022,4.329,R
862510,3132,familia,isco4,6.695,2.482,1.001,1.415,1.502,4.484,15.022,4.329,R
862515,3132,direto,isco4,6.695,2.482,1.001,1.415,1.502,4.484,15.022,4.329,R
910105,7421,direto,isco4,6.668,3.057,1.088,1.34,1.39,4.969,16.204,3.83,R
910110,7421,familia,isco4,6.668,3.057,1.088,1.34,1.39,4.969,16.204,3.83,R
910115,7421,familia,isco4,6.668,3.057,1.088,1.34,1.39,4.969,16.204,3.83,R
910120,7421,familia,isco4,6.668,3.057,1.088,1.34,1.39,4.969,16.204,3.83,R
910125,7421,familia,isco4,6.668,3.057,1.088,1.34,1.39,4.969,16.204,3.83,R
910130,7421,familia,isco4,6.668,3.057,1.088,1.34,1.39,4.969,16.204,3.83,R
910205,3122,manual,isco4,4.161,1.755,1.031,2.829,6.163,5.07,2.296,14.614,E
910210,3122,manual,isco4,4.161,1.755,1.031,2.829,6.163,5.07,2.296,14.614,E
910905,3123,manual,isco4,4.973,2.042,1.137,2.663,5.039,4.676,5.163,11.308,E
910910,3123,manual,isco4,4.973,2.042,1.137,2.663,5.039,4.676,5.163,11.308,E
911105,7233,familia,isco4,6.957,2.884,1.068,1.094,1.301,4.171,16.41,2.63,R
911110,7233,familia,isco4,6.957,2.884,1.068,1.094,1.301,4.171,16.41,2.63,R
911115,7233,familia,isco4,6.957,2.884,1.068,1.094,1.301,4.171,16.41,2.63,R
911120,7233,direto,isco4,6.957,2.884,1.068,1.094,1.301,4.171,16.41,2.63,R
911125,7233,familia,isco4,6.957,2.884,1.068,1.094,1.301,4.171,16.41,2.63,R
911130,7233,direto,isco4,6.957,2.884,1.068,1.094,1.301,4.171,16.41,2.63,R
911135,7233,familia,isco4,6.957,2.884,1.068,1.094,1.301,4.171,16.41,2.63,R
911205,7233,direto,isco4,6.957,2.884,1.068,1.094,1.301,4.171,16.41,2.63,R
911305,7233,direto,isco4,6.957,2.884,1.068,1.094,1.301,4.171,16.41,2.63,R
911310,7233,direto,isco4,6.957,2.884,1.068,1.094,1.301,4.171,16.41,2.63,R
911315,7233,direto,isco4,6.957,2.884,1.068,1.094,1.301,4.171,16.41,2.63,R
911320,7233,direto,isco4,6.957,2.884,1.068,1.094,1.301,4.171,16.41,2.63,R
911325,7233,direto,isco4,6.957,2.884,1.068,1.094,1.301,4.171,16.41,2.63,R
913105,7233,direto,isco4,6.957,2.884,1.068,1.094,1.301,4.171,16.41,2.63,R
913110,7231,direto,isco4,6.774,2.633,1.061,1.613,1.712,3.967,14.148,3.433,R
913115,7233,direto,isco4,6.957,2.884,1.068,1.094,1.301,4.171,16.41,2.63,R
913120,7233,direto,isco4,6.957,2.884,1.068,1.094,1.301,4.171,16.41,2.63,R
913125,7233,familia,isco4,6.957,2.884,1.068,1.094,1.301,4.171,16.41,2.63,R
914105,7232,direto,isco4,6.625,4.08,1.29,1.26,1.695,4.557,16.382,1.525,R
914110,7233,direto,isco4,6.957,2.884,1.068,1.094,1.301,4.171,16.41,2.63,R
914205,7233,manual,isco4,6.957,2.884,1.068,1.094,1.301,4.171,16.41,2.63,R
914305,7233,direto,isco4,6.957,2.884,1.068,1.094,1.301,4.171,16.41,2.63,R
914405,7231,direto,isco4,6.774,2.633,1.061,1.613,1.712,3.967,14.148,3.433,R
914410,7231,familia,isco4,6.774,2.633,1.061,1.613,1.712,3.967,14.148,3.433,R
914415,7231,direto,isco4,6.774,2.633,1.061,1.613,1.712,3.967,14.148,3.433,R
914420,7231,direto,isco4,6.774,2.633,1.061,1.613,1.712,3.967,14.148,3.433,R
914425,7231,direto,isco4,6.774,2.633,1.061,1.613,1.712,3.967,14.148,3.433,R
915105,7311,manual,isco4,6.593,2.753,1.308,1.46,1.158,4.596,15.15,2.928,R
915110,7311,manual,isco4,6.593,2.753,1.308,1.46,1.158,4.596,15.15,2.928,R
915115,7311,manual,isco4,6.593,2.753,1.308,1.46,1.158,4.596,15.15,2.928,R
915205,7312,manual,isco4,6.198,2.478,3.974,1.629,1.461,3.426,9.606,-2.707,R
915210,7312,manual,isco4,6.198,2.478,3.974,1.629,1.461,3.426,9.606,-2.707,R
915215,7312,manual,isco4,6.198,2.478,3.974,1.629,1.461,3.426,9.606,-2.707,R
915305,7421,manual,isco4,6.668,3.057,1.088,1.34,1.39,4.969,16.204,3.83,R
915405,7311,manual,isco4,6.593,2.753,1.308,1.46,1.158,4.596,15.15,2.928,R
919105,7233,direto,isco4,6.957,2.884,1.068,1.094,1.301,4.171,16.41,2.63,R
919110,7233,direto,isco4,6.957,2.884,1.068,1.094,1.301,4.171,16.41,2.63,R
919115,7233,direto,isco4,6.957,2.884,1.068,1.094,1.301,4.171,16.41,2.63,R
919205,7233,manual,isco4,6.957,2.884,1.068,1.094,1.301,4.171,16.41,2.63,R
919305,7233,familia,isco4,6.957,2.884,1.068,1.094,1.301,4.171,16.41,2.63,R
919310,7233,direto,isco4,6.957,2.884,1.068,1.094,1.301,4.171,16.41,2.63,R
919315,7233,familia,isco4,6.957,2.884,1.068,1.094,1.301,4.171,16.41,2.63,R
950105,3122,manual,isco4,4.161,1.755,1.031,2.829,6.163,5.07,2.296,14.614,E
950110,3122,manual,isco4,4.161,1.755,1.031,2.829,6.163,5.07,2.296,14.614,E
950205,7412,manual,isco4,7.0,2.894,1.068,1.29,1.199,4.403,16.45,2.837,R
950305,3122,manual,isco4,4.161,1.755,1.031,2.829,6.163,5.07,2.296,14.614,E
951105,7412,direto,isco4,7.0,2.894,1.068,1.29,1.199,4.403,16.45,2.837,R
951305,7421,manual,isco4,6.668,3.057,1.088,1.34,1.39,4.969,16.204,3.83,R
951310,7421,manual,isco4,6.668,3.057,1.088,1.34,1.39,4.969,16.204,3.83,R
951315,5414,manual,isco4,5.065,2.852,1.116,2.685,3.961,5.164,7.698,8.921,C
951320,5414,manual,isco4,5.065,2.852,1.116,2.685,3.961,5.164,7.698,8.921,C
953105,7411,direto,isco4,6.946,2.91,1.095,1.359,1.62,4.39,15.758,3.469,R
953110,7411,direto,isco4,6.946,2.91,1.095,1.359,1.62,4.39,15.758,3.469,R
953115,7411,direto,isco4,6.946,2.91,1.095,1.359,1.62,4.39,15.758,3.469,R
954105,7412,familia,isco4,7.0,2.894,1.068,1.29,1.199,4.403,16.45,2.837,R
954110,7412,familia,isco4,7.0,2.894,1.068,1.29,1.199,4.403,16.45,2.837,R
954115,7412,familia,isco4,7.0,2.894,1.068,1.29,1.199,4.403,16.45,2.837,R
954120,7412,direto,isco4,7.0,2.894,1.068,1.29,1.199,4.403,16.45,2.837,R
954125,7412,direto,isco4,7.0,2.894,1.068,1.29,1.199,4.403,16.45,2.837,R
954205,7412,direto,isco4,7.0,2.894,1.068,1.29,1.199,4.403,16.45,2.837,R
954210,7412,familia,isco4,7.0,2.894,1.068,1.29,1.199,4.403,16.45,2.837,R
954305,7531,direto,isco4,5.736,1.5,3.358,2.238,2.546,3.662,6.254,2.336,R
991105,9312,manual,isco4,7.0,2.046,1.084,1.417,1.277,3.676,14.527,3.155,R
991110,9312,manual,isco4,7.0,2.046,1.084,1.417,1.277,3.676,14.527,3.155,R
991115,9312,manual,isco4,7.0,2.046,1.084,1.417,1.277,3.676,14.527,3.155,R
991120,9312,manual,isco4,7.0,2.046,1.084,1.417,1.277,3.676,14.527,3.155,R
991205,7233,manual,isco4,6.957,2.884,1.068,1.094,1.301,4.171,16.41,2.63,R
991305,7213,manual,isco4,7.0,2.393,1.424,1.024,1.069,3.736,15.587,1.708,R
991310,7213,manual,isco4,7.0,2.393,1.424,1.024,1.069,3.736,15.587,1.708,R
991315,7213,manual,isco4,7.0,2.393,1.424,1.024,1.069,3.736,15.587,1.708,R
992105,8141,familia,isco4,6.831,2.166,1.043,1.274,1.269,3.956,14.924,3.487,R
992110,8141,familia,isco4,6.831,2.166,1.043,1.274,1.269,3.956,14.924,3.487,R
992115,8141,direto,isco4,6.831,2.166,1.043,1.274,1.269,3.956,14.924,3.487,R
992120,8141,familia,isco4,6.831,2.166,1.043,1.274,1.269,3.956,14.924,3.487,R
992205,9312,manual,isco4,7.0,2.046,1.084,1.417,1.277,3.676,14.527,3.155,R
992210,9312,manual,isco4,7.0,2.046,1.084,1.417,1.277,3.676,14.527,3.155,R
992215,9312,manual,isco4,7.0,2.046,1.084,1.417,1.277,3.676,14.527,3.155,R
992220,9312,manual,isco4,7.0,2.046,1.084,1.417,1.277,3.676,14.527,3.155,R
992225,9312,manual,isco4,7.0,2.046,1.084,1.417,1.277,3.676,14.527,3.155,R
